INEX_LD-2009039	capital
INEX_LD-2009039	governmentType
INEX_LD-2009039	governmentType
INEX_LD-2009039	national
INEX_LD-2009039	subgenres
INEX_LD-2009039	lowerHouse
INEX_LD-2009039	board
INEX_LD-2009039	currentCoach
INEX_LD-2009039	establishedEvent
INEX_LD-2009061	place
INEX_LD-2009061	films
INEX_LD-2009061	mouthMountain
INEX_LD-2010004	fruit
INEX_LD-2010004	occupation
INEX_LD-2010004	crew1Up
INEX_LD-2010057	knownFor
INEX_LD-2010057	knownFor
INEX_LD-2010057	mouthPlace
INEX_LD-2010057	province
INEX_LD-2010057	affiliations
INEX_LD-2010057	mainContractor
INEX_LD-20120221	instrument
INEX_LD-20120221	instruments
INEX_LD-20120221	otherTopics
INEX_LD-20120221	significantother
INEX_LD-20120221	mouthPlace
INEX_LD-20120221	politicalGroups
INEX_LD-20120221	os
INEX_LD-20120221	crosses
INEX_LD-20120221	largestCity
INEX_LD-20120232	derivative
INEX_LD-20120232	musicFusionGenre
INEX_LD-20120232	musicSubgenre
INEX_LD-20120232	derivatives
INEX_LD-20120232	blankInfoSec
INEX_LD-20120232	city
INEX_LD-20120232	territory
INEX_LD-20120232	author
INEX_LD-20120232	headquarters
INEX_LD-20120232	owningCompany
INEX_LD-20120232	as
INEX_LD-20120232	portrayer
INEX_LD-20120312	instrument
INEX_LD-20120312	otherTopics
INEX_LD-20120312	politicalGroups
INEX_LD-20120312	event
INEX_LD-20120312	notableWork
INEX_LD-20120312	city
INEX_LD-20120322	instrument
INEX_LD-20120322	otherTopics
INEX_LD-20120322	languageFamily
INEX_LD-20120322	founder
INEX_LD-20120322	regionalLanguages
INEX_LD-20120322	party
INEX_LD-20120331	derivative
INEX_LD-20120331	musicSubgenre
INEX_LD-20120331	stylisticOrigin
INEX_LD-20120331	derivatives
INEX_LD-20120331	stylisticOrigins
INEX_LD-20120331	subgenres
INEX_LD-20120331	province
INEX_LD-20120331	national
INEX_LD-20120331	tv
INEX_LD-20120331	club
INEX_LD-20120331	related
INEX_LD-20120331	imageMap2Caption
INEX_LD-20120331	officialLanguages
INEX_LD-20120331	lastAppearance
INEX_LD-20120331	successor
INEX_LD-20120331	stand
INEX_LD-20120331	os
INEX_LD-20120331	title
INEX_LD-20120332	derivative
INEX_LD-20120332	musicSubgenre
INEX_LD-20120332	stylisticOrigin
INEX_LD-20120332	derivatives
INEX_LD-20120332	otherTopics
INEX_LD-20120332	stylisticOrigins
INEX_LD-20120332	subgenres
INEX_LD-20120332	damCrosses
INEX_LD-20120332	mouthCountry
INEX_LD-20120332	eventEnd
INEX_LD-20120332	commander
INEX_LD-20120332	affiliations
INEX_LD-20120332	moreUsers
INEX_LD-20120332	tv
INEX_LD-20120332	incumbent
INEX_LD-20120332	headquarters
INEX_LD-20120332	perp
INEX_LD-20120332	notableWork
INEX_LD-20120332	timeZone
INEX_LD-20120332	differentFrom
INEX_LD-20120332	headcoachdisplay
INEX_LD-2012303	isPartOf
INEX_LD-2012303	subdivisionName
INEX_LD-2012303	musicalArtist
INEX_LD-2012303	timezone
INEX_LD-2012303	bandMember
INEX_LD-2012303	mouthCountry
INEX_LD-2012307	child
INEX_LD-2012307	combatant
INEX_LD-2012307	fromAlbum
INEX_LD-2012315	after
INEX_LD-2012315	before
INEX_LD-2012315	southwest
INEX_LD-2012315	implementations
INEX_LD-2012315	blank1InfoSec
INEX_LD-2012315	damCrosses
INEX_LD-2012315	regionalLanguages
INEX_LD-2012315	battles
INEX_LD-2012315	currentCoach
INEX_LD-2012321	knownFor
INEX_LD-2012321	series
INEX_LD-2012321	occupation
INEX_LD-2012325	successor
INEX_LD-2012325	after
INEX_LD-2012325	successor
INEX_LD-2012325	largestcity
INEX_LD-2012325	currentCoach
INEX_LD-2012325	captain
INEX_LD-2012325	title
INEX_LD-2012325	developer
INEX_LD-2012325	headquarters
INEX_LD-2012333	leaderTitle
INEX_LD-2012333	headquarters
INEX_LD-2012333	demonym
INEX_LD-2012336	differentFrom
INEX_LD-2012336	lastAppearance
INEX_LD-2012336	implementations
INEX_LD-2012337	city
INEX_LD-2012337	city
INEX_LD-2012337	cities
INEX_LD-2012337	lastAppearance
INEX_LD-2012337	subject
INEX_LD-2012337	currency
INEX_LD-2012339	knownFor
INEX_LD-2012339	party
INEX_LD-2012339	party
INEX_LD-2012339	title
INEX_LD-2012339	album
INEX_LD-2012339	differentFrom
INEX_LD-2012339	officialLanguages
INEX_LD-2012339	films
INEX_LD-2012339	headcoachdisplay
INEX_LD-2012339	fruit
INEX_LD-2012339	fromAlbum
INEX_LD-2012339	lowerHouse
INEX_LD-2012349	capital
INEX_LD-2012349	capital
INEX_LD-2012349	province
INEX_LD-2012349	restingPlace
INEX_LD-2012349	basedOn
INEX_LD-2012349	owningCompany
INEX_LD-2012349	series
INEX_LD-2012349	subgenres
INEX_LD-2012349	relation
INEX_LD-2012349	associatedMusicalArtist
INEX_LD-2012349	bandMember
INEX_LD-2012349	mouthLocation
INEX_LD-2012353	languageFamily
INEX_LD-2012353	spokenIn
INEX_LD-2012353	fam
INEX_LD-2012353	ld
INEX_LD-2012353	nation
INEX_LD-2012353	stand
INEX_LD-2012353	notableWork
INEX_LD-2012353	houses
INEX_LD-2012353	eventStart
INEX_LD-2012353	significantother
INEX_LD-2012353	city
INEX_LD-2012353	place
INEX_LD-2012353	author
INEX_LD-2012353	tributaryRight
INEX_LD-2012353	politicalPartyInLegislature
INEX_LD-2012353	crewMembers
INEX_LD-2012353	implementations
INEX_LD-2012353	operatingSystem
INEX_LD-2012387	river
INEX_LD-2012387	damCrosses
INEX_LD-2012387	largestcity
INEX_LD-2012387	leader
INEX_LD-2012387	father
INEX_LD-2012387	leaderTitle
INEX_XER-100	board
INEX_XER-100	occupation
INEX_XER-100	boards
INEX_XER-100	occupation
INEX_XER-100	title
INEX_XER-100	place
INEX_XER-100	incumbent
INEX_XER-100	imageMap2Caption
INEX_XER-100	associatedActs
INEX_XER-100	designer
INEX_XER-100	corType
INEX_XER-100	deathPlace
INEX_XER-100	instruments
INEX_XER-100	spouse
INEX_XER-100	derivative
INEX_XER-108	capital
INEX_XER-108	capital
INEX_XER-108	spouse
INEX_XER-108	establishedEvent
INEX_XER-108	relative
INEX_XER-108	demonym
INEX_XER-113	circuit
INEX_XER-113	album
INEX_XER-113	nation
QALD2_te-97	author
QALD2_te-97	artist
QALD2_te-97	combatantsHeader
QALD2_te-97	crew3Up
QALD2_te-97	films
QALD2_te-97	politicalGroups
QALD2_te-98	creator
QALD2_te-98	creator
QALD2_te-98	mouthState
QALD2_te-98	title
QALD2_te-98	fromAlbum
QALD2_te-98	isPartOfMilitaryConflict
QALD2_tr-10	city
QALD2_tr-10	country
QALD2_tr-10	mouthCountry
QALD2_tr-10	sourceCountry
QALD2_tr-10	city
QALD2_tr-10	mouthCountry
QALD2_tr-10	recordLabel
QALD2_tr-10	circuit
QALD2_tr-10	foundedBy
QALD2_tr-10	sourceMountain
QALD2_tr-10	stylisticOrigin
QALD2_tr-10	ancestor
QALD2_tr-10	assembly
QALD2_tr-10	perp
QALD2_tr-10	developedInto
QALD2_tr-10	producer
QALD2_tr-10	crew1Up
QALD2_tr-10	architect
QALD2_tr-15	creator
QALD2_tr-15	creators
QALD2_tr-15	producer
QALD2_tr-15	spouse
QALD2_tr-15	perp
QALD2_tr-15	mouthMountain
QALD2_tr-17	largestCity
QALD2_tr-17	largestcity
QALD2_tr-17	writer
QALD2_tr-17	cctld
QALD2_tr-17	series
QALD2_tr-17	lastAppearance
QALD2_tr-18	museum
QALD2_tr-18	museum
QALD2_tr-18	starring
QALD2_tr-18	regionalLanguages
QALD2_tr-18	circuit
QALD2_tr-18	officialLanguage
QALD2_tr-22	country
QALD2_tr-22	location
QALD2_tr-22	location
QALD2_tr-22	musicSubgenre
QALD2_tr-22	river
QALD2_tr-22	associatedActs
QALD2_tr-22	predecessor
QALD2_tr-22	capital
QALD2_tr-22	blankInfoSec
QALD2_tr-23	foundedBy
QALD2_tr-23	presenter
QALD2_tr-23	presenter
QALD2_tr-23	title
QALD2_tr-23	fruit
QALD2_tr-23	state
QALD2_tr-23	pastMembers
QALD2_tr-23	eventEnd
QALD2_tr-23	partof
QALD2_tr-23	cities
QALD2_tr-23	battles
QALD2_tr-23	relative
QALD2_tr-29	author
QALD2_tr-29	author
QALD2_tr-29	derivatives
QALD2_tr-29	subgenres
QALD2_tr-29	tv
QALD2_tr-29	exImageCap
QALD2_tr-3	child
QALD2_tr-3	relation
QALD2_tr-3	children
QALD2_tr-3	structuralEngineer
QALD2_tr-3	developedInto
QALD2_tr-3	event
QALD2_tr-3	nation
QALD2_tr-3	place
QALD2_tr-3	presenter
QALD2_tr-31	currency
QALD2_tr-31	currency
QALD2_tr-31	upperHouse
QALD2_tr-31	currentCoach
QALD2_tr-31	restingPlace
QALD2_tr-31	author
QALD2_tr-32	currency
QALD2_tr-32	currency
QALD2_tr-32	nation
QALD2_tr-32	headcoachdisplay
QALD2_tr-32	instruments
QALD2_tr-32	family
QALD2_tr-36	country
QALD2_tr-36	rightTributary
QALD2_tr-36	sourceCountry
QALD2_tr-36	country
QALD2_tr-36	mouthState
QALD2_tr-36	sourceCountry
QALD2_tr-36	tributaryRight
QALD2_tr-36	mostSuccessfulClub
QALD2_tr-36	combatantsHeader
QALD2_tr-36	crew2Up
QALD2_tr-36	pastMembers
QALD2_tr-36	programme
QALD2_tr-36	operatingSystem
QALD2_tr-36	cctld
QALD2_tr-36	circuit
QALD2_tr-36	title
QALD2_tr-36	southwest
QALD2_tr-36	blank1InfoSec
QALD2_tr-36	primaryUser
QALD2_tr-36	board
QALD2_tr-36	seat
QALD2_tr-4	crosses
QALD2_tr-4	crosses
QALD2_tr-4	mouthPlace
QALD2_tr-4	previousWork
QALD2_tr-4	owningCompany
QALD2_tr-4	bandMember
QALD2_tr-41	club
QALD2_tr-41	product
QALD2_tr-41	combatantsHeader
QALD2_tr-44	architect
QALD2_tr-44	designer
QALD2_tr-44	recordLabel
QALD2_tr-44	currentCoach
QALD2_tr-44	isPartOf
QALD2_tr-44	presenter
QALD2_tr-50	deathCause
QALD2_tr-50	deathCause
QALD2_tr-50	leader1Type
QALD2_tr-50	name
QALD2_tr-50	leader
QALD2_tr-50	musicalBand
QALD2_tr-53	leader
QALD2_tr-53	inaugural
QALD2_tr-53	incumbent
QALD2_tr-53	leaderName
QALD2_tr-53	leaderTitle
QALD2_tr-53	successor
QALD2_tr-53	relative
QALD2_tr-53	creator
QALD2_tr-53	river
QALD2_tr-53	notableWork
QALD2_tr-53	relation
QALD2_tr-53	borderingstates
QALD2_tr-53	nonFictionSubject
QALD2_tr-53	province
QALD2_tr-53	crew3Up
QALD2_tr-54	restingPlace
QALD2_tr-54	spouse
QALD2_tr-54	restingplace
QALD2_tr-54	spouse
QALD2_tr-54	currentCoach
QALD2_tr-54	leaderTitle
QALD2_tr-54	subdivisionType
QALD2_tr-54	languages
QALD2_tr-54	museum
QALD2_tr-54	seat
QALD2_tr-54	subgenres
QALD2_tr-54	story
QALD2_tr-55	designer
QALD2_tr-55	developer
QALD2_tr-55	publisher
QALD2_tr-55	series
QALD2_tr-55	designer
QALD2_tr-55	developer
QALD2_tr-55	imageMap2Caption
QALD2_tr-55	anthem
QALD2_tr-55	after
QALD2_tr-55	blankInfoSec
QALD2_tr-55	relative
QALD2_tr-55	os
QALD2_tr-55	politicalPartyInLegislature
QALD2_tr-55	state
QALD2_tr-55	city
QALD2_tr-55	musicalArtist
QALD2_tr-55	mouthLocation
QALD2_tr-55	restingPlace
QALD2_tr-57	starring
QALD2_tr-57	starring
QALD2_tr-57	producer
QALD2_tr-57	house
QALD2_tr-57	developedInto
QALD2_tr-57	subdivisionType
QALD2_tr-6	deathPlace
QALD2_tr-6	deathPlace
QALD2_tr-6	artist
QALD2_tr-6	basedOn
QALD2_tr-6	related
QALD2_tr-6	presenter
QALD2_tr-61	mountainRange
QALD2_tr-61	range
QALD2_tr-61	lowerHouse
QALD2_tr-61	perp
QALD2_tr-61	knownFor
QALD2_tr-61	name
QALD2_tr-71	product
QALD2_tr-71	relation
QALD2_tr-71	ancestor
QALD2_tr-73	foundedBy
QALD2_tr-73	mouthMountain
QALD2_tr-73	regional
QALD2_tr-74	cities
QALD2_tr-74	assembly
QALD2_tr-74	leader2Type
QALD2_tr-75	leaderTitle
QALD2_tr-75	musicComposer
QALD2_tr-75	films
QALD2_tr-77	album
QALD2_tr-77	previousWork
QALD2_tr-77	album
QALD2_tr-77	currentCoach
QALD2_tr-77	musicalBand
QALD2_tr-77	music
QALD2_tr-77	governingBody
QALD2_tr-77	officialLanguages
QALD2_tr-77	country
QALD2_tr-82	programmingLanguage
QALD2_tr-82	programmingLanguage
QALD2_tr-82	relative
QALD2_tr-82	predecessor
QALD2_tr-82	programme
QALD2_tr-82	deathCause
QALD2_tr-87	story
QALD2_tr-87	state
QALD2_tr-87	issue
QALD2_tr-89	champions
QALD2_tr-89	mostSuccessfulClub
QALD2_tr-89	eventEnd
QALD2_tr-89	basedOn
QALD2_tr-89	monuments
QALD2_tr-89	eventStart
SemSearch_ES-11	creator
SemSearch_ES-11	portrayer
SemSearch_ES-11	producer
SemSearch_ES-11	relative
SemSearch_ES-11	series
SemSearch_ES-11	spouse
SemSearch_ES-11	starring
SemSearch_ES-11	writer
SemSearch_ES-11	creator
SemSearch_ES-11	family
SemSearch_ES-11	portrayer
SemSearch_ES-11	producer
SemSearch_ES-11	relatives
SemSearch_ES-11	series
SemSearch_ES-11	significantother
SemSearch_ES-11	spouse
SemSearch_ES-11	starring
SemSearch_ES-11	mostSuccessfulClub
SemSearch_ES-11	moreUsers
SemSearch_ES-11	country
SemSearch_ES-11	screenplay
SemSearch_ES-11	legislature
SemSearch_ES-11	headcoachdisplay
SemSearch_ES-11	mouthLocation
SemSearch_ES-11	territory
SemSearch_ES-11	pastMembers
SemSearch_ES-11	event
SemSearch_ES-11	upperHouse
SemSearch_ES-11	battles
SemSearch_ES-11	languageRegulator
SemSearch_ES-11	father
SemSearch_ES-11	derivatives
SemSearch_ES-11	architect
SemSearch_ES-11	languageFamily
SemSearch_ES-11	national
SemSearch_ES-11	timeZone
SemSearch_ES-11	programme
SemSearch_ES-11	province
SemSearch_ES-11	name
SemSearch_ES-11	cities
SemSearch_ES-11	exImageCap
SemSearch_ES-11	currency
SemSearch_ES-11	target
SemSearch_ES-11	champions
SemSearch_ES-11	governmentType
SemSearch_ES-11	leader2Type
SemSearch_ES-11	mouthPlace
SemSearch_ES-11	imageMap2Caption
SemSearch_ES-11	developer
SemSearch_ES-11	product
SemSearch_ES-11	musicalBand
SemSearch_ES-12	isPartOf
SemSearch_ES-12	subdivisionName
SemSearch_ES-12	subdivisionType
SemSearch_ES-12	differentFrom
SemSearch_ES-12	state
SemSearch_ES-12	party
SemSearch_ES-12	lowerHouse
SemSearch_ES-12	monuments
SemSearch_ES-12	leaderName
SemSearch_ES-12	child
SemSearch_ES-12	screenplay
SemSearch_ES-12	formerBandMember
SemSearch_ES-127	product
SemSearch_ES-127	parents
SemSearch_ES-127	governingBody
SemSearch_ES-141	seat
SemSearch_ES-141	crewMembers
SemSearch_ES-141	director
SemSearch_ES-16	architect
SemSearch_ES-16	designer
SemSearch_ES-16	battle
SemSearch_ES-16	corType
SemSearch_ES-16	publisher
SemSearch_ES-16	creator
SemSearch_ES-18	related
SemSearch_ES-18	place
SemSearch_ES-18	lowerhouse
SemSearch_ES-20	capital
SemSearch_ES-20	capital
SemSearch_ES-20	largestcounty
SemSearch_ES-20	lowerhouse
SemSearch_ES-20	upperhouse
SemSearch_ES-20	relation
SemSearch_ES-20	foundedBy
SemSearch_ES-20	party
SemSearch_ES-20	title
SemSearch_ES-20	instruments
SemSearch_ES-20	structuralEngineer
SemSearch_ES-20	circuit
SemSearch_ES-20	subdivisionName
SemSearch_ES-20	politicalGroups
SemSearch_ES-20	west
SemSearch_ES-21	knownFor
SemSearch_ES-21	spouse
SemSearch_ES-21	spouse
SemSearch_ES-21	politicalGroups
SemSearch_ES-21	timezoneDst
SemSearch_ES-21	notableWork
SemSearch_ES-21	children
SemSearch_ES-21	deathCause
SemSearch_ES-21	corType
SemSearch_ES-22	governingBody
SemSearch_ES-22	isPartOf
SemSearch_ES-22	governingBody
SemSearch_ES-22	subdivisionName
SemSearch_ES-22	children
SemSearch_ES-22	occupation
SemSearch_ES-22	southwest
SemSearch_ES-22	crew3Up
SemSearch_ES-22	hasVariant
SemSearch_ES-22	notableWork
SemSearch_ES-22	largestCity
SemSearch_ES-22	battles
SemSearch_ES-24	state
SemSearch_ES-24	headcoachdisplay
SemSearch_ES-24	location
SemSearch_ES-24	state
SemSearch_ES-24	tributaryRight
SemSearch_ES-24	creators
SemSearch_ES-24	lowerhouse
SemSearch_ES-24	musicSubgenre
SemSearch_ES-24	languageFamily
SemSearch_ES-24	tv
SemSearch_ES-24	eventEnd
SemSearch_ES-24	mouthMountain
SemSearch_ES-26	owner
SemSearch_ES-26	owningCompany
SemSearch_ES-26	owner
SemSearch_ES-26	mouthState
SemSearch_ES-26	cities
SemSearch_ES-26	variations
SemSearch_ES-26	screenplay
SemSearch_ES-26	southwest
SemSearch_ES-26	developer
SemSearch_ES-28	anthem
SemSearch_ES-28	capital
SemSearch_ES-28	largestCity
SemSearch_ES-28	capital
SemSearch_ES-28	club
SemSearch_ES-28	largestCity
SemSearch_ES-28	location
SemSearch_ES-28	relation
SemSearch_ES-28	manufacturer
SemSearch_ES-28	largestcity
SemSearch_ES-28	issue
SemSearch_ES-28	inaugural
SemSearch_ES-28	crosses
SemSearch_ES-28	derivative
SemSearch_ES-28	portrayer
SemSearch_ES-28	owner
SemSearch_ES-28	mouthMountain
SemSearch_ES-28	currency
SemSearch_ES-28	bandMember
SemSearch_ES-28	leader2Type
SemSearch_ES-28	politicalGroups
SemSearch_ES-33	basedOn
SemSearch_ES-33	creator
SemSearch_ES-33	lastAppearance
SemSearch_ES-33	producer
SemSearch_ES-33	relative
SemSearch_ES-33	series
SemSearch_ES-33	author
SemSearch_ES-33	creator
SemSearch_ES-33	series
SemSearch_ES-33	governmentType
SemSearch_ES-33	recordLabel
SemSearch_ES-33	crewMembers
SemSearch_ES-33	province
SemSearch_ES-33	capital
SemSearch_ES-33	commander
SemSearch_ES-33	party
SemSearch_ES-33	affiliations
SemSearch_ES-33	writer
SemSearch_ES-33	largestcity
SemSearch_ES-33	subdivisionName
SemSearch_ES-33	boards
SemSearch_ES-33	politicalGroups
SemSearch_ES-33	father
SemSearch_ES-33	target
SemSearch_ES-33	largestCity
SemSearch_ES-33	seat
SemSearch_ES-33	captain
SemSearch_ES-34	basedOn
SemSearch_ES-34	starring
SemSearch_ES-34	starring
SemSearch_ES-34	mouthState
SemSearch_ES-34	programme
SemSearch_ES-34	associatedMusicalArtist
SemSearch_ES-34	subject
SemSearch_ES-34	title
SemSearch_ES-34	battle
SemSearch_ES-49	child
SemSearch_ES-49	spouse
SemSearch_ES-49	children
SemSearch_ES-49	spouse
SemSearch_ES-49	mountainRange
SemSearch_ES-49	designer
SemSearch_ES-49	politicalPartyInLegislature
SemSearch_ES-49	architect
SemSearch_ES-49	crew1Up
SemSearch_ES-49	producer
SemSearch_ES-49	river
SemSearch_ES-49	country
SemSearch_ES-5	exImageCap
SemSearch_ES-5	affiliations
SemSearch_ES-5	eventEnd
SemSearch_ES-56	series
SemSearch_ES-56	series
SemSearch_ES-56	issue
SemSearch_ES-56	mouthPlace
SemSearch_ES-56	language
SemSearch_ES-56	stylisticOrigin
SemSearch_ES-57	child
SemSearch_ES-57	deathCause
SemSearch_ES-57	knownFor
SemSearch_ES-57	parent
SemSearch_ES-57	children
SemSearch_ES-57	deathCause
SemSearch_ES-57	monuments
SemSearch_ES-57	parents
SemSearch_ES-57	musicSubgenre
SemSearch_ES-57	governmentType
SemSearch_ES-57	author
SemSearch_ES-57	differentFrom
SemSearch_ES-57	country
SemSearch_ES-57	leaderName
SemSearch_ES-57	otherTopics
SemSearch_ES-57	title
SemSearch_ES-57	before
SemSearch_ES-57	rightTributary
SemSearch_ES-57	mainContractor
SemSearch_ES-57	musicalBand
SemSearch_ES-57	associatedActs
SemSearch_ES-57	ld
SemSearch_ES-57	lastAppearance
SemSearch_ES-57	owner
SemSearch_ES-6	headquarter
SemSearch_ES-6	headquarters
SemSearch_ES-6	seat
SemSearch_ES-6	predecessor
SemSearch_ES-6	mountainRange
SemSearch_ES-6	crew1Up
SemSearch_ES-60	parent
SemSearch_ES-60	parents
SemSearch_ES-60	occupation
SemSearch_ES-60	name
SemSearch_ES-60	primaryUser
SemSearch_ES-60	issue
SemSearch_ES-7	manufacturer
SemSearch_ES-7	knownFor
SemSearch_ES-7	crew1Up
SemSearch_ES-71	isPartOf
SemSearch_ES-71	south
SemSearch_ES-71	differentFrom
SemSearch_ES-71	before
SemSearch_ES-71	leader
SemSearch_ES-71	regionalLanguages
SemSearch_ES-71	largestmetro
SemSearch_ES-71	houses
SemSearch_ES-71	place
SemSearch_ES-76	leaderTitle
SemSearch_ES-76	formerBandMember
SemSearch_ES-76	commander
SemSearch_ES-80	associatedBand
SemSearch_ES-80	associatedMusicalArtist
SemSearch_ES-80	formerBandMember
SemSearch_ES-80	associatedActs
SemSearch_ES-80	pastMembers
SemSearch_ES-80	battle
SemSearch_ES-80	deathPlace
SemSearch_ES-80	capital
SemSearch_ES-80	equipment
SemSearch_ES-80	instrument
SemSearch_ES-80	inaugural
SemSearch_ES-80	perp
SemSearch_ES-80	fruit
SemSearch_ES-80	author
SemSearch_ES-80	designer
SemSearch_ES-82	leaderTitle
SemSearch_ES-82	location
SemSearch_ES-82	music
SemSearch_ES-83	city
SemSearch_ES-83	variations
SemSearch_ES-83	successor
SemSearch_ES-84	starring
SemSearch_ES-84	starring
SemSearch_ES-84	mouthLocation
SemSearch_ES-84	differentFrom
SemSearch_ES-84	variations
SemSearch_ES-84	currency
SemSearch_ES-88	child
SemSearch_ES-88	restingPlace
SemSearch_ES-88	spokenIn
SemSearch_ES-88	family
SemSearch_ES-88	derivative
SemSearch_ES-88	deathCause
SemSearch_ES-89	affiliation
SemSearch_ES-89	state
SemSearch_ES-89	affiliations
SemSearch_ES-89	state
SemSearch_ES-89	mostSuccessfulClub
SemSearch_ES-89	musicFusionGenre
SemSearch_ES-89	anthem
SemSearch_ES-89	party
SemSearch_ES-89	governmentType
SemSearch_ES-89	musicalArtist
SemSearch_ES-89	place
SemSearch_ES-89	leader2Type
SemSearch_ES-93	assembly
SemSearch_ES-93	manufacturer
SemSearch_ES-93	manufacturer
SemSearch_ES-93	deathPlace
SemSearch_ES-93	circuit
SemSearch_ES-93	fam
SemSearch_ES-93	timeZone
SemSearch_ES-93	os
SemSearch_ES-93	foundedBy
SemSearch_ES-95	isPartOf
SemSearch_ES-95	subdivisionName
SemSearch_ES-95	state
SemSearch_ES-95	largestmetro
SemSearch_ES-95	crew1Up
SemSearch_ES-95	house
SemSearch_ES-96	product
SemSearch_ES-96	subgenres
SemSearch_ES-96	governmentType
SemSearch_ES-97	writer
SemSearch_ES-97	screenplay
SemSearch_ES-97	exImageCap
SemSearch_ES-97	legislature
SemSearch_ES-97	designer
SemSearch_ES-97	anthem
SemSearch_ES-98	affiliation
SemSearch_ES-98	affiliations
SemSearch_ES-98	crew2Up
SemSearch_ES-98	music
SemSearch_ES-98	blank1InfoSec
SemSearch_ES-98	fam
SemSearch_LS-10	relative
SemSearch_LS-10	relatives
SemSearch_LS-10	imageMap2Caption
SemSearch_LS-10	currentCoach
SemSearch_LS-10	subject
SemSearch_LS-10	significantother
SemSearch_LS-17	house
SemSearch_LS-17	politicalPartyInLegislature
SemSearch_LS-17	house
SemSearch_LS-17	houses
SemSearch_LS-17	leader1Type
SemSearch_LS-17	leader2Type
SemSearch_LS-17	leaderTitle
SemSearch_LS-17	legislature
SemSearch_LS-17	lowerHouse
SemSearch_LS-17	politicalGroups
SemSearch_LS-17	upperHouse
SemSearch_LS-17	governmentType
SemSearch_LS-17	territory
SemSearch_LS-17	mouthPlace
SemSearch_LS-17	governingBody
SemSearch_LS-17	assembly
SemSearch_LS-17	stylisticOrigin
SemSearch_LS-17	capital
SemSearch_LS-17	moreUsers
SemSearch_LS-17	album
SemSearch_LS-17	captain
SemSearch_LS-17	regionalLanguage
SemSearch_LS-17	hasVariant
SemSearch_LS-17	board
SemSearch_LS-17	spokenIn
SemSearch_LS-17	os
SemSearch_LS-17	stand
SemSearch_LS-17	mouthMountain
SemSearch_LS-17	blankInfoSec
SemSearch_LS-17	officialLanguages
SemSearch_LS-17	films
SemSearch_LS-17	crew3Up
SemSearch_LS-17	associatedBand
SemSearch_LS-19	currentCoach
SemSearch_LS-19	associatedBand
SemSearch_LS-19	moreUsers
SemSearch_LS-29	languageRegulator
SemSearch_LS-29	spokenIn
SemSearch_LS-29	ancestor
SemSearch_LS-29	fam
SemSearch_LS-29	child
SemSearch_LS-29	instruments
SemSearch_LS-29	combatantsHeader
SemSearch_LS-29	architect
SemSearch_LS-29	boards
SemSearch_LS-29	sourceCountry
SemSearch_LS-29	mainContractor
SemSearch_LS-29	demonym
SemSearch_LS-34	formerBandMember
SemSearch_LS-34	pastMembers
SemSearch_LS-34	upperHouse
SemSearch_LS-34	after
SemSearch_LS-34	assembly
SemSearch_LS-34	portrayer
SemSearch_LS-36	establishedEvent
SemSearch_LS-36	target
SemSearch_LS-36	series
SemSearch_LS-4	event
SemSearch_LS-4	eventStart
SemSearch_LS-4	imageMap2Caption
SemSearch_LS-4	legislature
SemSearch_LS-4	club
SemSearch_LS-4	officialLanguage
SemSearch_LS-4	exImageCap
SemSearch_LS-4	inaugural
SemSearch_LS-4	mouthPlace
SemSearch_LS-44	language
SemSearch_LS-44	languages
SemSearch_LS-44	club
SemSearch_LS-44	programmingLanguage
SemSearch_LS-44	sourceMountain
SemSearch_LS-44	musicalArtist
SemSearch_LS-49	designer
SemSearch_LS-49	developer
SemSearch_LS-49	designer
SemSearch_LS-49	developer
SemSearch_LS-49	implementations
SemSearch_LS-49	instrument
SemSearch_LS-49	parent
SemSearch_LS-49	musicalBand
SemSearch_LS-49	mouthState
SemSearch_LS-49	city
SemSearch_LS-49	fam
SemSearch_LS-49	programmingLanguage
SemSearch_LS-49	spokenIn
SemSearch_LS-49	timezone
SemSearch_LS-49	timeZone
SemSearch_LS-6	governingBody
SemSearch_LS-6	isPartOf
SemSearch_LS-6	blank1InfoSec
SemSearch_LS-6	blankInfoSec
SemSearch_LS-6	establishedTitle
SemSearch_LS-6	governingBody
SemSearch_LS-6	subdivisionName
SemSearch_LS-6	crew2Up
SemSearch_LS-6	derivative
SemSearch_LS-6	upperHouse
SemSearch_LS-6	tributaryRight
SemSearch_LS-6	ld
SemSearch_LS-6	programme
SemSearch_LS-6	stylisticOrigins
SemSearch_LS-6	stand
SemSearch_LS-6	languageRegulator
SemSearch_LS-6	associatedActs
SemSearch_LS-6	subdivisionType
SemSearch_LS-6	otherTopics
SemSearch_LS-6	album
SemSearch_LS-6	sourceMountain
TREC_Entity-10	affiliation
TREC_Entity-10	affiliations
TREC_Entity-10	differentFrom
TREC_Entity-10	designer
TREC_Entity-10	mouthState
TREC_Entity-10	circuit
TREC_Entity-10	commander
TREC_Entity-10	ancestor
TREC_Entity-10	creators
TREC_Entity-11	foundedBy
TREC_Entity-11	founder
TREC_Entity-11	variations
TREC_Entity-11	father
TREC_Entity-11	owner
TREC_Entity-11	damCrosses
TREC_Entity-18	associatedBand
TREC_Entity-18	associatedMusicalArtist
TREC_Entity-18	formerBandMember
TREC_Entity-18	associatedActs
TREC_Entity-18	pastMembers
TREC_Entity-18	crosses
TREC_Entity-18	state
TREC_Entity-18	fromAlbum
TREC_Entity-18	musicFusionGenre
TREC_Entity-18	damCrosses
TREC_Entity-18	province
TREC_Entity-18	subgenres
TREC_Entity-18	producer
TREC_Entity-18	topScorer
TREC_Entity-18	languages
TREC_Entity-5	product
TREC_Entity-5	products
TREC_Entity-5	programmingLanguage
TREC_Entity-5	creator
TREC_Entity-5	notableWork
TREC_Entity-5	author
TREC_Entity-6	presenter
TREC_Entity-6	borderingstates
TREC_Entity-6	headcoachdisplay
TREC_Entity-7	developedInto
TREC_Entity-7	moreUsers
TREC_Entity-7	primaryUser
TREC_Entity-7	otherTopics
TREC_Entity-7	significantother
TREC_Entity-7	before
TREC_Entity-7	os
TREC_Entity-7	series
TREC_Entity-7	presenter
