query	1	benchmarking what mean benchmarking what benchmarking used what four types benchmarking what benchmarking simple terms what four types benchmarking how implement benchmarking what four types benchmarking how create benchmark what example benchmarking what difference benchmarks objectives what example benchmarking what difference benchmark standard what example benchmarking what benchmarking procurement what internal benchmarking external benchmarking why external benchmarking important what internal benchmarking external benchmarking how benchmarking related quality management what internal benchmarking external benchmarking what three defined levels benchmark
query	2	take bodybuilding which supplements i take bodybuilding does creatine cause hair loss when i take bodybuilding supplements what i take maximum muscle growth when i take bodybuilding supplements how i build muscle fast when i take bodybuilding supplements what best time take protein how long take muscle growth is 30 minute workout enough build muscle how long take muscle growth is ok push ups every day how long take muscle growth how long workout bodybuilding what i bodybuilding can i start bodybuilding 40 what i bodybuilding is rice good bodybuilding what i bodybuilding how skinny guy build muscle fast
query	3	brainstorm brainstorming what 4 rules brainstorming what another word brainstorming how brainstorm can brainstorm how brainstorm what example brainstorming how brainstorm who father brainstorming what 3 types brainstorming what best way brainstorm what 3 types brainstorming what brainwriting mean what 3 types brainstorming how use brainstorming classroom what brainstorming activities what creative activities adults what brainstorming activities how organize brainstorming ideas what brainstorming activities what purpose brainstorming
query	4	start chain smoking what considered chain smoking is ok smoke 2 cigarettes day how many cigarettes chain smoker smoke day what age smokers die how many cigarettes chain smoker smoke day is 1 cigarette day bad how many cigarettes chain smoker smoke day can lungs heal 40 years smoking what happens smoke first time does high make hornier what happens smoke first time can 1 cigarette give cancer what happens smoke first time is smoking 1 cigarette week bad how properly smoke cigarette is smoking 4 cigarettes day bad how properly smoke cigarette are supposed inhale cigarette smoke how properly smoke cigarette how long take smoke cigarette
query	5	get funding funding how get funding charity how i apply charitable grant what source funding what types funding what source funding what 5 sources finance what source funding what three types capital where i get funding community projects what community grant where i get funding community projects what organizations give grants where i get funding community projects what funding grant how researchers get funding what 4 types grants how researchers get funding what medical grant how researchers get funding what grant research
query	6	bleach hair back brown hair coloring can i dye hair brown bleaching does dying hair brown damage how dye blonde hair back brown how i get natural hair colour back naturally how dye blonde hair back brown what root blend how dye blonde hair back brown will bleached hair go back normal can color bleached hair can use box dye highlighted hair can color bleached hair can put hair color highlights can color bleached hair how use red protein filler dying hair will dying hair back brown make healthier is darker hair dye less damaging will dying hair back brown make healthier what safest hair dye will dying hair back brown make healthier does black hair exist
query	7	stop scene accident hit run
query	8	suggest foreign language thats easy learn language acquisition why difficult learn foreign language is english hard foreigners learn what best age learning foreign language what advantages learning foreign language early age what best age learning foreign language how many languages person learn what best age learning foreign language how children learn language what easiest way learn another language can learn language sleep what easiest way learn another language can duolingo make fluent what easiest way learn another language how master language why students learn foreign language what common foreign language why students learn foreign language what importance language why students learn foreign language does learning foreign language help get job
query	9	help come possible solutions mediation how i successful mediation what success rate mediation what 5 steps mediation what happens mediation doesnt work what 5 steps mediation how i prepare mediation what 5 steps mediation what example mediation can bring evidence mediation does lawyer go mediation can bring evidence mediation should dress mediation can bring evidence mediation can mediator make decisions do parties agree mediation what disadvantages mediation do parties agree mediation how long mediation usually last do parties agree mediation what percentage cases settled mediation
query	10	aerobic physical activity pull how aerobic exercise affect muscles is running aerobic anaerobic what decreases aerobic exercise what fuel used aerobic exercise what decreases aerobic exercise what happens aerobic exercise what decreases aerobic exercise what best aerobic exercise what 4 types physical activity what 10 best exercises what 4 types physical activity what 10 benefits physical activity what 4 types physical activity how much physical activity adults need is running aerobic exercise is 5k aerobic anaerobic is running aerobic exercise how i increase aerobic running capacity is running aerobic exercise can cardio aerobic exercise
query	11	know spoof spoofing attack what spoofing attack what mean spoofing how spoofing attack occur can text messages spoofed how spoofing attack occur what blind spoofing how spoofing attack occur is spoofing legal what cyber spoofing is spoofing crime what cyber spoofing can i trace spoofed call what cyber spoofing what spoofing phishing what wireless spoofing what mac spoofing attack what wireless spoofing what trade spoofing what wireless spoofing what dhcp spoofing attack
query	12	use fabric spray painting how spray paint fabric can put fabric paint spray bottle what spray paint best fabric how long spray paint take dry fabric what spray paint best fabric does fabric paint wash what spray paint best fabric can use regular paint fabric what kind paint used fabric how set fabric paint what kind paint used fabric how apply acrylic paint fabric what kind paint used fabric how paint fabric can wash spray painted clothes can i wash shirt acrylic paint can wash spray painted clothes does spray paint wash cars can wash spray painted clothes can spray paint canvas
query	13	know japanese recipe ingredient translation translation what washoku what oil japanese cook what traditional japanese foods is rude eat fork japan what traditional japanese foods what national dish france what traditional japanese foods what delicious food world what japanese fried food called is tempura better fried what japanese fried food called what difference tempura batter what japanese fried food called what nippon what okura japanese do japanese eat potatoes what okura japanese do japanese eat broccoli what okura japanese what vegetables japanese eat
query	14	forget mother why mother important life what makes mother mother why mother important life what role mother why mother important life what good words describe mom how deal parents loving what toxic parent how deal parents loving what bad parent how deal parents loving how show love respect parents
query	15	remember back future
query	16	love movie braveheart who wife braveheart did robert bruce really betray wallace what movie song love princess what song braveheart what movie song love princess what braveheart theme tune called what movie song love princess who wrote love princess is movie braveheart historically accurate is robert bruce a sequel braveheart is movie braveheart historically accurate did robert bruce know wallace is movie braveheart historically accurate why say mcculloch braveheart who plays princess braveheart where braveheart filmed who plays princess braveheart what robert bruce mean who plays princess braveheart when england invade scotland
query	17	give fives give five
query	18	follow road what rules crossing road what rules followed crossing road what purpose rules road what first rule driving what purpose rules road who wrote rules road what purpose rules road do traffic laws apply private roads why follow traffic rules what importance road safety why follow traffic rules why follow safety rules road why follow traffic rules is necessary follow traffic rules who right way turning road what 12 clock rule who right way turning road who goes first stop sign who right way turning road what offside offside driving
query	19	leave daughter why parents abandon child how many fathers leave families can i leave 9 year old home alone how long can 9 year olds stay home alone can i leave 9 year old home alone can 7 year old stay home alone hour can i leave 9 year old home alone what age leave child home alone can i leave 9 year old home alone uk what age kids babysit can i leave 9 year old home alone uk at age let child go friends can i leave 9 year old home alone uk what age child babysit uk can i leave 10 year old home alone how long can 8 year old stay home alone can i leave 10 year old home alone can leave 16 year old home alone week
query	20	happen run fast what happens run fast does running burn fat do long runs make faster what foods make run faster do long runs make faster how breathe running do long runs make faster how fast easy run what running month body can running give abs what running month body does running make butt bigger what running month body does running reduce belly fat is running 30 minutes good is jogging 3 times week enough is running 30 minutes good is jogging enough exercise is running 30 minutes good how i run longer
query	21	prepare shakespeare play shakespeares plays why shakespeare use blank verse what example blank verse should i use accent audition what monologue should i use accent audition what general audition how choose monologue audition what example monologue how choose monologue audition how many words monologue how choose monologue audition what two types monologue what shakespeare accent what words shakespeare invent what shakespeare accent which american accent closest british what shakespeare accent did shakespeare brummie accent
query	22	choose showtime can get showtime is showtime free amazon prime what channels showtime is showtime good channel what channels showtime do pay showtime what channels showtime does hbo showtime what movies currently showtime what movies showtime hulu what movies currently showtime is showtime on demand free what movies currently showtime is epix free amazon prime can watch showtime uk can get hulu uk can watch showtime uk how i subscribe showtime can watch showtime uk can i get showtime without cable
query	23	abandon young why birds abandon young do birds abandon eggs touched can legally abandon child what abandonment child can legally abandon child what makes mother abandon child can legally abandon child how many babies abandoned year do mother birds abandon babies do birds mourn do mother birds abandon babies how long baby birds survive without mother do mother birds abandon babies what happens unhatched bird eggs will animals abandon young touch do animals reject young will animals abandon young touch what animal abandons young will animals abandon young touch will bird return disturbed nest
query	24	obsess striptease
query	25	forget take
query	26	come terms endearment
query	27	watch devil wears prada devil wears prada
query	28	watch full episode robot chicken wizard oz
query	29	watch movie english subtitle incredible hulk
query	30	make love girl paper
query	31	reclaim pyramid are pyramid schemes illegal why pyramid scheme illegal is arbonne pyramid scheme is mary kay mlm is arbonne pyramid scheme is rodan fields mlm is arbonne pyramid scheme is isagenix mlm what pyramid sold uk is pampered chef pyramid scheme how explain pyramid scheme is mlm pyramid scheme how explain pyramid scheme is shop com pyramid scheme
query	32	see spirits people died sixth sense what movie says i see dead people what 6th sense called what story the sixth sense who child actor sixth sense what story the sixth sense is sixth sense what story the sixth sense how many senses is unbreakable connected sixth sense does split go glass is unbreakable connected sixth sense is mr glass split is unbreakable connected sixth sense is glass connected split was haley joel osment dead the sixth sense how old haley joel osment was haley joel osment dead the sixth sense where sixth sense filmed was haley joel osment dead the sixth sense who wrote sixth sense
query	33	meet good woman tall man
query	34	lose today is healthy eat one meal day does fasting slow metabolism can lose weight eating day can lose weight eating can lose weight eating day what tmad diet can lose weight eating day is ok eat one big meal day why i struggle lose weight how i lose weight i lose weight why i struggle lose weight can i lose weight walking why i struggle lose weight how i boost metabolism can lose weight eating eggs does 14 day boiled egg diet work can lose weight eating eggs how i speed ketosis can lose weight eating eggs can i eat 6 eggs day
query	35	make trust trust
query	36	watch porco rosso 1992 porco rosso
query	37	love colors prom prom night what best color wear prom how i find right prom dress body type what common prom dress color can wear black dress prom what common prom dress color how early get prom dress what common prom dress color what colors look best pale skin what popular dress color which colour best night function what popular dress color which color best night party what popular dress color what colors work well together can wear white prom is okay wear short dress prom can wear white prom how much prom dress
query	38	find name song knowing how i find song name can google identify songs how i identify song can siri identify song humming how i identify song what song playing video how i identify song how i search music google can hum song shazam can hum soundhound can hum song shazam is soundhound free can hum song shazam which better shazam soundhound whats app identifies songs does shazam cost money whats app identifies songs how i identify song iphone whats app identifies songs can siri identify songs
query	39	see krrish who hero krrish 3 what story krrish 3 where krrish shot india what hrx hrithik roshan where krrish shot india how rich hrithik roshan where krrish shot india which movie shot khajjiar who father krrish who villain krrish 4 who father krrish what story krrish 4 who father krrish what budget krrish 3 where koi mil gaya movie shot is koi mil gaya copy et where koi mil gaya movie shot who jadu koi mil gaya where koi mil gaya movie shot who heroine koi mil gaya
query	40	win emmy law order special victims unit
query	41	release dvd lost season 3 what happens lost series is lost series netflix how many hours lost what longest binge watch how many hours lost what tv show takes longest how many hours lost how many hours simpsons how many episodes lost season 3 who others lost how many episodes lost season 3 what lost episodes how many episodes lost season 3 how long last episode lost where island lost who monster lost where island lost does jack die lost where island lost who bad guy lost
query	42	watch video mary poppins
query	43	give baby shower who plans baby shower do open gifts baby shower what happens baby shower are baby showers held saturday sunday what happens baby shower what games played baby showers what happens baby shower is rude bring child baby shower how hold baby shower do serve alcohol baby shower how hold baby shower how long baby shower last how hold baby shower what instead baby shower games what kind food serve baby shower what examples finger foods what kind food serve baby shower do serve food baby shower what kind food serve baby shower should children invited baby shower
query	44	happen chernobyl disaster is chernobyl reactor 4 still burning how long survive chernobyl how bad chernobyl disaster how many people chernobyl kill how bad chernobyl disaster is safe go chernobyl how bad chernobyl disaster how long chernobyl burn who caused chernobyl disaster how radiation kill who caused chernobyl disaster can live chernobyl who caused chernobyl disaster who responsible chernobyl how stop chernobyl disaster when chernobyl close how stop chernobyl disaster what countries affected chernobyl how stop chernobyl disaster why ruins chernobyl disaster need covered
query	45	become f1 driver formula one how become f1 driver do f3 drivers get paid can watch formula 1 amazon prime can watch f1 amazon fire stick can watch formula 1 amazon prime what f1 tv pro can watch formula 1 amazon prime will channel 4 f1 highlights 2019 can drive formula 1 car does f1 car abs can drive formula 1 car how fast formula 1 cars drive can drive formula 1 car can f1 car street legal why f1 drivers need fit do f1 drivers wear diapers why f1 drivers need fit do f1 drivers use feet why f1 drivers need fit are f1 drivers fittest athletes
query	46	attend ceremony graduation do attend graduation ceremony do get keep cap gown does open university graduation ceremony do graduation ceremony hnc does open university graduation ceremony do pay open university does open university graduation ceremony where ou graduation ceremonies held what happens go graduation what difference graduation commencement what happens go graduation do get diploma graduation high school what happens go graduation what graduate absentia mean what guest wear graduation ceremony what parents wear graduation what guest wear graduation ceremony are supposed wear white graduation what guest wear graduation ceremony can wear jeans graduation party
query	47	recommend honeymoon which country best honeymoon what cheapest honeymoon destination what top 10 honeymoon destinations what romantic honeymoon destination what top 10 honeymoon destinations how long honeymoon what top 10 honeymoon destinations who pays honeymoon is greece good honeymoon is santorini good honeymoon is greece good honeymoon which romantic greek island is greece good honeymoon where couples go greece how much average honeymoon how people afford honeymoon how much average honeymoon is bali expensive honeymoon how much average honeymoon why couples go honeymoon
query	48	apply citizenship immigration how i apply british citizenship what documents i need apply citizenship how long indefinite leave remain i apply citizenship is naturalisation citizenship how long indefinite leave remain i apply citizenship how much british citizenship how long indefinite leave remain i apply citizenship how long citizenship application take what waiting time british citizenship application how long take uk citizenship application approved what waiting time british citizenship application how long take get passport can i apply british citizenship passport time can i leave uk applying citizenship can i apply british citizenship passport time what documents i need british citizenship can i apply british citizenship passport time how long take get passport citizenship ceremony
query	49	issue indictment islamic terrorism
query	50	raise dollars live aid how much money live aid raise us dollars did michael jackson live aid how much live aid raise uk how much money live aid generate how much live aid raise uk who introduced queen live aid how much live aid raise uk what queen last concert who stole show live aid why john deacon leave queen who stole show live aid who turned down live aid who stole show live aid what true bohemian rhapsody did queen really save live aid how jim hutton die did queen really save live aid when jim hutton die did queen really save live aid what freddie mercury worth
query	51	believe exodus
query	52	win world war ii which country world war two how many people died wwii did allies win world war 2 why germany lose wwi did allies win world war 2 who world war 1 did allies win world war 2 when germany start losing ww2 how world war 2 ended why japanese surrender wwii how world war 2 ended why japan join wwii how world war 2 ended did germany japan surrender first why world war 2 start what d stand d day why world war 2 start who started world war 3 why world war 2 start why germany invade poland
query	53	pevent flood
query	54	create anti gravity propulsion system anti gravity can make anti gravity does zero gravity exist how anti gravity work is gravity really force how anti gravity work is dark energy opposite gravity how anti gravity work does gravity frequency how nasa simulate zero gravity at height earth gravity zero how nasa simulate zero gravity what name zero gravity lab used research space exploration what force opposes gravity who invented anti gravity what force opposes gravity is negative mass possible what force opposes gravity what reaction force gravity
query	55	embed sound html page html
query	56	debug php how i debug php what php functions how i debug using xdebug what xdebug used how i debug using xdebug how i debug php code visual studio how i debug using xdebug how i install xdebug how i debug php atom where i find php ini file what xdebug php what program debugging what xdebug php how debug server
query	57	teach english grammar how i start teaching english grammar beginners how many words basic english how i improve english grammar vocabulary how i start grammar how i improve english grammar vocabulary how communicate english how i improve english grammar vocabulary how speak clarity what basic grammar english what five rules language what basic grammar english what elements grammar what basic grammar english what different types grammar how i learn english grammar easily what 12 english tenses how i learn english grammar easily what 8 parts speech english how i learn english grammar easily what general grammar
query	58	apply free education what free school mean are public schools free is nursery free uk can i get 2 year old funding is nursery free uk do parents work get 30 hours free childcare is nursery free uk what age start nursery uk do apply 15 hours free childcare how many hours 3 year old get funded do apply 15 hours free childcare can 2 year old get free childcare do apply 15 hours free childcare how much child benefit how qualify 30 hours free childcare is 30 hours free childcare weekly monthly how qualify 30 hours free childcare what age get free childcare how qualify 30 hours free childcare what childcare vouchers work
query	59	get job satisfaction what satisfied job how i happier work what happiest jobs what depressing jobs what happiest jobs what least stressful job what happiest jobs what top 10 stressful jobs what mean job satisfaction what types job satisfaction what mean job satisfaction what factors affect job satisfaction what mean job satisfaction what major causes job satisfaction
query	60	say belief what concept belief what attitudes what belief example what belief statement what belief example what popular belief what belief example what common belief what synonym belief what word believing someone what synonym belief what types beliefs what synonym belief what word means strong belief what difference belief believe what past tense belief what difference belief believe what plural belief what difference belief believe what belief psychology
query	61	teach tagalog language
query	62	support environmentalism climate change awareness environmentalism what example environmentalism what environmentalists goals what difference conservation environmentalism what difference conservation preservation what difference conservation environmentalism what conservation group what climate change awareness how minimize global warming what climate change awareness what causes earth climate change what climate change awareness what prevent climate change what meant environmental ethics what mean environment what meant environmental ethics what ecofeminism theory what meant environmental ethics what intrinsic value environmental ethics
query	63	write bibliography bibliography how i write bibliography how write bibliography school project what bibliography example what mean bibliography what bibliography example how arrange bibliography what bibliography example what bibliography assignment how write bibliography harvard style how write apa bibliography how write bibliography harvard style how reference essay how write bibliography harvard style how reference book essay
query	64	send email box can email files box how send email attachment how i create send email how i fix outlook sending emails how i create send email why emails going outbox sending how i create send email how send professional email how i send email behalf shared mailbox do shared mailboxes automatically show outlook how i send email behalf shared mailbox how i send email shared mailbox office 365 how i send email behalf shared mailbox what difference send as send behalf how i send email using outlook how send group email outlook how i send email using outlook is possible send email someone else account how i send email using outlook how email spoofing work
query	65	prepare google maps how i create google map pins what difference google maps google my maps how i use google maps what google maps lady name how i use google maps how i get map talk how i use google maps how i use google maps android can plot route google maps how i create custom route google maps can plot route google maps can i create route google maps app can plot route google maps how i drag route google maps
query	66	receive property insurance what covered building insurance can claim roof repairs insurance is best get buildings contents insurance together how much property insurance i need is best get buildings contents insurance together how i lower homeowners insurance is best get buildings contents insurance together how much home insurance month do insure house exchange who insures house exchange completion do insure house exchange how solicitors exchange contracts do insure house exchange can insure house settlement who best home insurance companies who top 5 insurance companies who best home insurance companies which insurance company best paying claims who best home insurance companies do need legal cover home insurance
query	67	use voip phone can i use regular phone voip can use normal phone voip how voip phone work is whatsapp voip how voip phone work does voip work without internet how voip phone work is voip better landline are voip calls free why voip bad are voip calls free is voip landline are voip calls free how much voip cost do need phone line voip is fixed voip cell phone do need phone line voip does voip affect internet speed
query	68	allow separation church state what constitution say separation church state how many times god mentioned constitution where separation church state come what purpose separation church state where separation church state come why bill rights written where separation church state come why churches tax exempt what refers separation religion state when separation church state happen what refers separation religion state what constitution say religion what refers separation religion state who called secular why important separate religion state what three objectives secular state why important separate religion state why important separate religion state democratic societies why important separate religion state what mean secularism
query	69	pass indian institute technology joint entrance examination how i get admission iit entrance exam can cheat jee mains what entrance exams iit can join iit 10th what entrance exams iit how i get iit without jee what entrance exams iit can i join iit bsc how many exams iit what good score jee mains how many exams iit how many students selected iit every year how many exams iit what iit full details what minimum marks iit can average student crack iit what minimum marks iit what rank required iit bombay what minimum marks iit what minimum marks nit
query	70	watch history television
query	71	work acupuncture does acupuncture really work does acupuncture reduce inflammation what acupuncture used can acupuncture damage nerves what acupuncture used does acupuncture help arthritis what acupuncture used what conditions treated acupuncture how long take acupuncture work what negative side effects acupuncture how long take acupuncture work does acupuncture help anxiety how long take acupuncture work what i acupuncture how acupuncture work pain does acupuncture release endorphins how acupuncture work pain what best painkiller nerve pain how acupuncture work pain does acupuncture help back pain
query	72	improve apgar score what apgar scores predict what apgar score birth what 5 apgar scores what apgar score 6 mean what 5 apgar scores why vitamin k given newborn what 5 apgar scores is vitamin k necessary newborns what causes low apgar score how often apgar score done what causes low apgar score what condition may cause baby skin eyes look slightly yellow what causes low apgar score what apgar score mean how common apgar score 10 what white greasy substance found baby skin birth how common apgar score 10 is apgar score still used how common apgar score 10 what rooting reflex
query	73	relieve asthma what helps asthma naturally what drink good asthma what best treatment asthma is coffee good asthma what best treatment asthma how i control asthma without inhaler what best treatment asthma what doctors prescribe asthma can asthma cured completely how i get rid asthma fast can asthma cured completely is apple cider vinegar good asthma can asthma cured completely is honey good asthma how i control asthma what difficult asthma how i control asthma what eat asthma how i control asthma can asthma damage lungs
query	74	treat back pain what best treatment lower back pain how i stop lower back hurting how i get rid back pain how i relax back muscles how i get rid back pain is walking good lower back pain how i get rid back pain what exercises help back pain how heal lower back pain how i lay bed lower back pain how heal lower back pain will lower back pain go away how heal lower back pain how i sleep lower back hurts
query	75	develop brain how brain develop what part brain controls memory what stage brain develop what critical periods brain development what stage brain develop at age brain reach neurological maturity what stage brain develop what ages brain develop how i sharpen brain what best brain supplement how i sharpen brain what best vitamin memory how i sharpen brain which food good brain how i develop baby brain which food good children brain how i develop baby brain how i make child smart intelligent how i develop baby brain how i know baby intelligent
query	76	suffer carpal tunnel syndrome what happen carpal tunnel syndrome treated is carpal tunnel disability what causes carpal tunnel flare what foods help carpal tunnel what causes carpal tunnel flare how tell difference carpal tunnel arthritis what causes carpal tunnel flare how test carpal tunnel how carpal tunnel syndrome affect movement what warning signs carpal tunnel syndrome how carpal tunnel syndrome affect movement which fingers affected carpal tunnel how carpal tunnel syndrome affect movement does typing make carpal tunnel worse can menopause cause carpal tunnel syndrome which hormone overproduction associated carpal tunnel syndrome can menopause cause carpal tunnel syndrome what best medication carpal tunnel pain can menopause cause carpal tunnel syndrome is carpal tunnel autoimmune disease
query	77	identify dna how dna identify person is dna admissible court what considered dna what exactly dna what considered dna what dna fingerprint used what considered dna where dna used what methods used test dna what 3 main dna typing techniques what methods used test dna how dna sample collected what methods used test dna how much dna required testing when dna testing begin who founded dna testing when dna testing begin how fast dna test done when dna testing begin what origin dna
query	78	diagnose hepatitis c what blood test shows hep c who tested hcv can hep c found routine blood tests can get hep c saliva can hep c found routine blood tests can get hep c small cut can hep c found routine blood tests how long person live diagnosed hep c what blood tests detect hepatitis how confirm hepatitis what blood tests detect hepatitis is hepatitis std what blood tests detect hepatitis how would know hepatitis what early symptoms hepatitis what happens body hepatitis what early symptoms hepatitis what hep c rash look like what early symptoms hepatitis can hep c go away
query	79	cause insomnia what main cause insomnia is insomnia mental illness how i stop insomnia what 3 types insomnia how i stop insomnia why i cannot sleep night how i stop insomnia what mean cant sleep night what insomnia symptom can dehydration cause insomnia what insomnia symptom what defines insomnia what insomnia symptom what best treatment insomnia what foods cause insomnia do bananas help insomnia what foods cause insomnia do bananas help sleep what foods cause insomnia is insomnia sign cancer
query	80	donate kidney what side effects donating kidney is donating kidney painful how much cost donate kidney do i get paid donate kidney how much cost donate kidney what would disqualify donating kidney how much cost donate kidney is dangerous donate kidney who pays donate kidney how long kidney donation recovery who pays donate kidney does donating kidney shorten life what required donate kidney can sell poop what required donate kidney how long live dialysis what required donate kidney how long live one kidney
query	81	increase naproxen is naproxen strong painkiller can i drink alcohol naproxen is taking naproxen dangerous is safe take naproxen every day is taking naproxen dangerous is naproxen opioid is taking naproxen dangerous is naproxen muscle relaxer pain killer what side effects naproxen can i buy naproxen counter what side effects naproxen is naproxen better ibuprofen what side effects naproxen can naproxen cause weight gain can naproxen cause fluid retention is withdrawal naproxen can naproxen cause fluid retention does naproxen affect sleep can naproxen cause fluid retention what fastest way get rid water retention
query	82	break pubis can break pubis is bone groin can walk around broken pelvis can pelvic fracture cause incontinence can walk around broken pelvis do cast broken pelvis can walk around broken pelvis where pelvis located what signs symptoms pelvic fracture can walk pelvic stress fracture what signs symptoms pelvic fracture what pubic ramus what signs symptoms pelvic fracture what cracked hip feel like how long take fractured pubic bone heal can break pubic symphysis how long take fractured pubic bone heal what fractured pubic rami how long take fractured pubic bone heal is pubic rami fracture considered hip fracture
query	83	evaluate respiratory system how respiratory system measured what 5 main functions respiratory system what included respiratory assessment is 30 breaths minute normal what included respiratory assessment what normal respiratory depth what included respiratory assessment what focused respiratory assessment why respiratory assessment important what normal respiratory effort why respiratory assessment important what clinical assessment why respiratory assessment important what first step physical assessment
query	84	boost self esteem
query	85	cause shock what main causes shock what common signs shock what mean go shock how long shock last what mean go shock how diagnose shock what mean go shock can shock kill what effects shock what traumatic shock what effects shock which body systems affected shock what effects shock what neurogenic shock what 4 types shock what shock what 4 types shock what causes vasodilatory shock what 4 types shock what irreversible shock
query	86	care skin how i take care skin what food causes pimples what good skin care routine what number 1 skincare brand what good skin care routine how get glowing skin what good skin care routine how avoid pimples how i improve skin health which fruit good skin how i improve skin health which vitamin good skin how i improve skin health what foods improve skin tone how i protect skin naturally what best natural sunscreen face how i protect skin naturally how i protect skin sun without sunscreen how i protect skin naturally how exfoliate skin
query	87	overcome speech disorder what neurological disorders cause speech problems what three basic types speech impairments what causes speech disorders can anxiety cause aphasia what causes speech disorders how i help child speech articulation problems what causes speech disorders do speech problems run families what different types speech disorders what speech sound disorders affect what different types speech disorders what speech therapy techniques what different types speech disorders how i become articulate what cause speech problems adults what three types aphasia what cause speech problems adults what speech disorders what cause speech problems adults what part brain controls speech
query	88	reduce spinal muscular atrophy is spinal muscular atrophy curable what two types atrophy what life expectancy someone spinal muscular atrophy does spinal muscular atrophy affect brain what life expectancy someone spinal muscular atrophy is spinal muscular atrophy hereditary what life expectancy someone spinal muscular atrophy how many people spinal atrophy what muscular spinal atrophy what signs spinal muscular atrophy what muscular spinal atrophy what signs atrophy what muscular spinal atrophy what spinal muscular atrophy type 2 is spinal muscular atrophy painful are born spinal muscular atrophy is spinal muscular atrophy painful what hoffman disease is spinal muscular atrophy painful how sma diagnosed
query	89	increase testosterone which foods increase testosterone can testosterone increase size which foods kill testosterone does exercise increase testosterone which foods kill testosterone do almonds increase testosterone which foods kill testosterone does broccoli raise testosterone do bananas increase testosterone is milk bad testosterone do bananas increase testosterone what causes low testosterone men do bananas increase testosterone can testosterone increased naturally do eggs increase testosterone do almonds lower testosterone do eggs increase testosterone what exercise increases testosterone do eggs increase testosterone does cardio increase testosterone
query	90	produce thyroid hormone what hormone thyroid gland produce what main cause thyroid problems what needed thyroid hormone production how increase thyroid function what needed thyroid hormone production what functions thyroxine hormone what needed thyroid hormone production what foods bad thyroid what main function thyroid hormone what affects thyroid function what main function thyroid hormone how thyroid hormones work what main function thyroid hormone what main function t3 t4 how much thyroid hormone body produce what happens thyroid low how much thyroid hormone body produce does thyroid affect metabolism how much thyroid hormone body produce can thyroid affect pancreas
query	91	stop trichinosis can get rid trichinosis how tell trichinosis does freezing pork kill trichinosis what happens accidentally eat raw pork does freezing pork kill trichinosis how common trichinosis pork does freezing pork kill trichinosis can see trichinosis meat is trichinosis still problem pork how pork get trichinosis is trichinosis still problem pork how trichinosis spread is trichinosis still problem pork can get trichinosis bacon what animals carry trichinosis what temp kills trichinosis what animals carry trichinosis can eat raw bacon cured what animals carry trichinosis can eat elk medium rare
query	92	prevent urinary incontinence
query	93	donate blood type which blood type high demand who cannot donate blood is o a universal donor why o positive common is o a universal donor is o negative better o positive is o a universal donor what blood group best can o blood donate anyone what rarest blood type can o blood donate anyone can o o baby can o blood donate anyone what golden blood type do blood type donate kidney how long live dialysis do blood type donate kidney which parent determines blood type child do blood type donate kidney what blood types babies together
query	94	wear adidas
query	95	use aol does anybody still use aol is aol still good email provider what aol com used do i need pay aol mail what aol com used how i transfer aol mail gmail what aol com used does aol offer free email how i access aol email did aol change email settings how i access aol email what imap password aol how i access aol email what aol email settings does aol still exist 2019 how i stop paying aol does aol still exist 2019 how many people still subscribe aol does aol still exist 2019 when aol end
query	96	drink bacardi
query	97	sell big oil
query	98	bp who bp owned where bp headquarters is bp owned british what bp originally called is bp owned british does shell bp is bp owned british what bp mean snapchat what good blood pressure age what good pulse rate what good blood pressure age is 150 90 a good blood pressure what good blood pressure age what good pulse what normal blood pressure range how i read blood pressure what normal blood pressure range what low bp range what normal blood pressure range which number important blood pressure
query	99	play carolina panthers what carolina panther owner who owns bank america stadium who bought carolina panthers has carolina ever superbowl who bought carolina panthers how much last nfl team sell who bought carolina panthers where carolina panthers come when carolina panthers go super bowl who super bowl rings when carolina panthers go super bowl why super bowl 50 roman numerals when carolina panthers go super bowl who peyton manning beat super bowl
query	100	win chicago white sox
query	101	watch espn can stream espn free can watch espn amazon prime can watch espn espn app what channel espn app can watch espn espn app is watchespn espn can watch espn espn app is espn free amazon fire stick how watch espn online can i watch espn without tv provider how watch espn online can i stream espn roku how watch espn online what channel espn directv can watch espn tv what channels comes orby tv can watch espn tv what devices support espn can watch espn tv how much espn cost
query	102	call fedex how i call fedex how i speak human fedex can i call fedex package what happens fedex cannot deliver package can i call fedex package how late fedex package come can i call fedex package how many days fedex work how i contact fedex package how i find fedex account representative how i contact fedex package does fedex call deliver how i contact fedex package what time package arrive
query	103	watch fifa
query	104	sell ford motor company who owns ford motor company is mazda owned ford what companies owned ford does ford aston martin what companies owned ford does ford hyundai what companies owned ford does ford cummins how i contact ford motor company what ford warranty how i contact ford motor company how i file complaint ford motor how i contact ford motor company how i contact ford recall is ford uk company what best ford car buy is ford uk company does ford jaguar is ford uk company what ford stand
query	105	join ibm what ibm partner what ibm cloud called how i get ibm id what w3id how i get ibm id what ibm cloud platform how i get ibm id is watson supercomputer what makes ibm is ibm good company what makes ibm what salary freshers ibm what makes ibm does lenovo ibm how i check ibm application status how long ibm hiring process how i check ibm application status does ibm background verification how i check ibm application status how i prepare cover letter
query	106	build isuzu motors
query	107	support liberal party canada what liberal party stand canada what conservatives stand what liberal party slogan is liberal left right what liberal party slogan is ndp left right what liberal party slogan what bill clinton slogan what minority government mean what minority government mean canada what minority government mean what majority government canada what minority government mean how many seats majority canada what liberal party mean which party left wing what liberal party mean which party conservative what liberal party mean what democratic beliefs
query	108	join little league baseball how much cost play little league baseball who lowest paid major league baseball player how start little league program how i start youth sports organization what age groups little league baseball what percentage little league players make mlb what age groups little league baseball how far pitcher mound 8 year olds what age groups little league baseball how many 12 year olds little league team can play little league can pitchers wear sunglasses little league can play little league can steal bases little league can play little league can little league pitcher pitch 3 days row
query	109	win los angeles lakers how many wins lakers how many times kobe miss playoffs why la lakers called lakers what best lakers team why la lakers called lakers who greatest lakers time why la lakers called lakers who phil jackson engaged who owns la lakers how much magic johnson worth who owns la lakers what team magic johnson who owns la lakers who richest nba owner where lakers originally has nba team 4 championships row where lakers originally which laker rings where lakers originally who owns nba teams
query	110	announce retirement major league baseball
query	111	perform ballad maroon 5
query	112	buy makeup maybelline where maybelline located is maybelline lipstick made china how i contact maybelline uk is maybelline superstay discontinued how i contact maybelline uk is maybelline vegetarian how i contact maybelline uk is loreal vegan what products maybelline what best maybelline products what products maybelline how long maybelline around what products maybelline how many products maybelline where maybelline products made what brands maybelline where maybelline products made who owner maybelline cosmetics where maybelline products made is nyx made china
query	113	win championship miami heat has miami heat championship who nba rings when miami heat win championship has nba team 4 championships row when miami heat win championship who owns heat when miami heat win championship who bulls beat win championships how many championships lebron win miami heat what lebron james net worth how many championships lebron win miami heat what age jordan retire how many championships lebron win miami heat how much cost buy miami heat did shaq win championship heat what shaq worth did shaq win championship heat is shaquille o neal still married did shaq win championship heat how many rings magic johnson
query	114	unlock motorola c975 motorola
query	115	take complaint nvidia where headquarters nvidia does asus nvidia what nvidia computer is geforce free what nvidia computer which graphics card better nvidia radeon what nvidia computer can uninstall geforce experience how troubleshoot graphics card how i know i bad ram how troubleshoot graphics card how i know power supply dying how troubleshoot graphics card can gpu crash computer
query	116	treat animals people ethical treatment animals what peta stop animal cruelty do animals rights does peta approve pets how many animals peta save does peta approve pets how many animals peta euthanize every year does peta approve pets what peta animals how many animals peta kill 2018 how much peta lobbying cost how many animals peta kill 2018 is peta pit bulls how many animals peta kill 2018 how much ceo peta make is peta pressure group what goal peta is peta pressure group is peta ngo is peta pressure group is peta reputable organization
query	117	win tournament pga tour who pga tournaments is tiger woods golf hall fame how many wins tiger woods pga tour how rare hole one how many wins tiger woods pga tour who hole ones how many wins tiger woods pga tour who mother tiger woods son does hero world challenge count pga tour win what tournament tiger woods host does hero world challenge count pga tour win where hero challenge golf does hero world challenge count pga tour win is hero world challenge official pga event
query	118	operate route singapore airlines
query	119	get insurance tiscali
query	120	extend visa visa inc
query	121	apply job walmart how i apply job walmart how long take get hired walmart can i apply job walmart person how long lunch break walmart can i apply job walmart person how i get job quickly can i apply job walmart person does walmart background checks hiring how i check application status walmart does walmart drug tests how i check application status walmart how long background check take walmart how i check application status walmart what walmart assessment test what positions walmart does walmart pay 15 hour what positions walmart how much stocker make walmart what positions walmart what highest paying job walmart
query	122	apply job university houston
query	123	work lawyer abraham lincoln
query	124	pass turing test alan turing has robot passed turing test how many computers passed turing test what mean pass turing test what purpose turing test what mean pass turing test what chinese room experiment what mean pass turing test why imitation game called imitation game can siri pass turing test is captcha turing test can siri pass turing test what turing test work can siri pass turing test when turing test passed did eliza pass turing test what eliza mean did eliza pass turing test who invented turing test did eliza pass turing test who eliza
query	125	discover secrets aristotle
query	126	study relationship barbie hsu
query	127	play villain batman who villain batman who first super villain who gonna play new batman is affleck leaving batman who gonna play new batman is gotham season 6 who gonna play new batman who best batman who villains batman is catwoman villain hero who villains batman who batman dangerous enemy who villains batman who killed batman parents which female villain enemy batman is jerome joker which female villain enemy batman what poison ivy weakness which female villain enemy batman who spider man greatest enemy
query	128	idolise family british royal family why england royal family does royal family get paid what hrh royal family is meghan markle princess what hrh royal family what queen official title what hrh royal family which powerful royal family how royal family get titles what princess royal mean how royal family get titles who royal baby named how royal family get titles what husband princess called what nationality queen england what queen german name what nationality queen england does queen passport what nationality queen england how much queen elizabeth make
query	129	sings jazz diana ross
query	130	provide scoring jason kidd what position jason kidd did jason kidd get fired is jason kidd hall famer what jason kidd net worth is jason kidd hall famer when jason kidd retire is jason kidd hall famer how much jason terry worth what jason kidd nationality how much jason kidd make what jason kidd nationality who jason kidd parents what jason kidd nationality is jason kidd white black does jason kidd college degree is jason kidd coaching lakers does jason kidd college degree where jason kidd go high school does jason kidd college degree what jason kidd known
query	131	splits jean claude van damme how much jean claude van damme worth what tom cruise worth
query	132	died tree jesus is jesus tree life what tree life bible version how many trees mentioned bible why fig tree important bible how many trees mentioned bible are roses mentioned bible how many trees mentioned bible what bible say fig tree who hung jesus what age jesus die who hung jesus what jesus last words who hung jesus did jesus child what plants mentioned bible what apple mean bible what plants mentioned bible what 4 20 bible what plants mentioned bible what cedar tree represent lebanon
query	133	listen johann sebastian bach what bach famous works what bach favorite instrument why bach famous who best composer time why bach famous how bach die why bach famous who famous composer how pronounce bach how spell johann how pronounce bach what bach mean what well tempered clavier what bwv mean what well tempered clavier what tempered scale what well tempered clavier what tempered tuning
query	134	watch premiere kathy griffin
query	135	left money luther vandross
query	136	visit pope pope benedict xvi why pope benedict xvi resign what pope benedict when pope visit glasgow has pope ever england when pope visit glasgow when pope last come england when pope visit glasgow where pope live when pope first visit united states does pope leave vatican when pope first visit united states how many times pope visited america when pope first visit united states did pope come america how much pope cost does pope pay tax how much pope cost how long pope francis pope
query	137	become man prince charming
query	138	win season roger federer what grand slams federer win who greatest tennis player time what years federer win wimbledon what serena williams net worth what years federer win wimbledon how much roger federer worth what years federer win wimbledon who oldest man win wimbledon how much rolex pay roger federer who richest athlete how much rolex pay roger federer what john mcenroe net worth how much rolex pay roger federer do tennis players pay travel who beaten federer who better nadal federer who beaten federer why nadal good clay who beaten federer what 5 tennis grand slams
query	139	find hidden talent samuel beckett
query	140	beat niculescu serena williams
query	141	sing music tink what tinks net worth what tink mean twitter who tink father what tink real name who tink father where singer tink who tink father what high school tink go how old tink singer how old timbaland how old tink singer how much money lizzo worth
query	142	live passion tony robbins
query	143	become warming vin diesel what happened vin diesel stunt double how much stunt doubles make why vin diesel name daughter pauline is vin diesel daughter named paul why vin diesel name daughter pauline what name vin diesel daughter why vin diesel name daughter pauline who dom babymama what song vin diesel sing paul walker how much paul walker worth is vin diesel singer does vin diesel tattoos is vin diesel singer does vin diesel wife is vin diesel singer what nationality vin diesel
query	144	hold mesino acapulco
query	145	take crudes angola does angola oil refineries is angola rich poor is angola member opec is angola richer nigeria is angola member opec how pronounce angola is angola member opec what angola famous how many barrels oil angola produce which country second largest oil producer africa how many barrels oil angola produce what main export angola how many barrels oil angola produce how much oil nigeria where oil angola is luanda expensive where oil angola where angola located where oil angola what dominant religion angola
query	146	establish welfare british columbia how much person get welfare bc how much money get welfare canada how much single mother get welfare bc can i get welfare i live boyfriend how much single mother get welfare bc what social welfare pay how much single mother get welfare bc what living wage bc what classified low income bc what considered poor canada what classified low income bc who poor canada what classified low income bc who considered low income canada what qualifies welfare how much average welfare check what qualifies welfare who qualifies welfare california what qualifies welfare how i get free money government
query	147	fire naphtha chennai
query	148	buy beginner drum set cincinnati how much beginner drum set are drums hard learn what best drum set beginner are drums easy learn what best drum set beginner can i learn drums what best drum set beginner how i start drumming how much used drum set worth does guitar center buy used drum sets how much used drum set worth what i look buying used drum set how much used drum set worth how much space drum kit take what basic drum set what full drum set consist what basic drum set why 38 special 2 drummers what basic drum set what top part drum called
query	149	provide meals dormitory what i cook dorm room can toaster dorm what eat college dorms how much money college student need food what eat college dorms what poor college students eat what eat college dorms what every college student fridge are allowed cook dorm can microwaves dorm rooms are allowed cook dorm can microwave rice are allowed cook dorm what college students cook what good microwave foods can cook meat microwave what good microwave foods does microwave cause cancer what good microwave foods can cook egg microwave
query	150	visit egypt is safe visit egypt 2019 do i need visa egypt is egypt safe travel what i wear egypt woman is egypt safe travel is drinking legal egypt is egypt safe travel is egypt good family holidays when i visit egypt what cheapest month fly egypt when i visit egypt how much cash i take egypt when i visit egypt do need visa go egypt what egypt how many days need egypt what egypt can take photos egypt what egypt what drinking age egypt
query	151	build egyptian pyramids how egyptians build pyramids what pyramids made who actually built pyramids how many pyramids world who actually built pyramids how long would take build pyramids today who actually built pyramids why pyramids built when egyptian pyramids built what pyramid stand when egyptian pyramids built how many people died building pyramids when egyptian pyramids built can go inside pyramids what tools used build pyramids why pyramids built shape triangle what tools used build pyramids how big one block pyramid what tools used build pyramids what ka mean egyptian
query	152	go finland
query	153	look job glasgow
query	154	live greece greece is safe live greece can i buy property greece how much money need retire greece is healthcare greece free how much money need retire greece what retirement age greece how much money need retire greece what average rent greece can american live greece is greece cheap live can american live greece which best greek island live can american live greece can i retire greece how get residency greece how long i live greece how get residency greece what documents i need work greece how get residency greece can dual citizenship greece
query	155	use wireless hawaii is hawaii covered verizon wireless does cost extra call hawaii do cell phones work hawaii does tmobile charge roaming hawaii do cell phones work hawaii is hawaii considered international flight do cell phones work hawaii does sprint plan cover hawaii is hawaii considered international cell phones can i text someone hawaii is hawaii considered international cell phones is hawaii considered long distance calling is hawaii considered international cell phones are calls alaska considered long distance can i use at t cell phone hawaii can use cell phone hawaii can i use at t cell phone hawaii does at t plan cover hawaii can i use at t cell phone hawaii does hawaii at t coverage
query	156	go trek himalayas how i get himalayas how high himalayas when hike himalayas what best treks nepal when hike himalayas what mountain trekking when hike himalayas what definition himalaya how much trip himalayas cost how far himalayas delhi how much trip himalayas cost how i go himalayas bangalore how much trip himalayas cost how get himalayas mumbai what himalayas what hindu kush mean what himalayas who lives himalayas what himalayas where himalayan salt
query	157	discuss iran threat iran what countries allies iran are iraq iran allies does iran nuclear weapons what countries support iran does iran nuclear weapons why bomb iran 2020 does iran nuclear weapons is iran military powerful what us iran who iran controlled what us iran why iran attack us embassy what us iran does iran submarines what started iran conflict why us bomb iraq what started iran conflict how many us soldiers died iraq what started iran conflict how many us troops iraq
query	158	locate kansas city where exactly kansas city why 2 kansas cities what kansas city situated what kansas famous what kansas city situated is kansas city kansas missouri what kansas city situated what cities kansas city metro area is kansas city kansas missouri is better live kansas missouri is kansas city kansas missouri what missouri known is kansas city kansas missouri is downtown kansas city kansas missouri is kansas city located two states how far apart kansas city mo kansas city ks is kansas city located two states what cities two states is kansas city located two states is kansas state usa
query	159	get bar kelowna kelowna
query	160	kings island how much kings island tickets kroger how i save money kings island how much cost get kings island what age free kings island how much cost get kings island can smoke kings island how much cost get kings island does kings island fast passes how far kings island columbus ohio does meijer sell kings island tickets how far kings island columbus ohio how much one day ticket kings island how far kings island columbus ohio how much cost get holiday world who owns king island are snakes king island who owns king island how much cost build kings island 1972 who owns king island is tasmania safe visit
query	161	reach lake lake ozarks
query	162	migrate melbourne how i move melbourne is melbourne good place live can emigrate australia 50 what cut age moving australia can emigrate australia 50 what maximum age immigrate canada can emigrate australia 50 can emigrate australia retired what skilled migration australia how many points required australian pr 2019 what skilled migration australia which courses pr australia what skilled migration australia which professions demand australia how long take get pr australia can i get pr i buy property australia how long take get pr australia do i need stay australia getting pr how long take get pr australia how much australian pr cost
query	163	compare african city mombasa is kenya better south africa which intelligent country africa what nicest city africa what cleanest city africa what nicest city africa what ugliest city world what nicest city africa which african country beautiful what safest city africa which african country best live what safest city africa what richest african country what safest city africa where richest city africa is kenya richer tanzania which richest country africa 2019 is kenya richer tanzania which richest country world is kenya richer tanzania which country fastest growing economy africa
query	164	climb mount everest how much cost climb mount everest how much sherpas make how long take climb mount everest can beginners climb everest how long take climb mount everest how big top mt everest how long take climb mount everest can helicopter fly top mount everest how dangerous climb mount everest what dangerous part everest how dangerous climb mount everest what percent everest climbers die how dangerous climb mount everest is mount everest always cold how many dead bodies mount everest can see dead bodies everest how many dead bodies mount everest is mt everest volcano how many dead bodies mount everest how many dead bodies space
query	165	see local laws customs north korea what customs north korea what main religion north korea are allowed visit north korea is alcohol legal north korea are allowed visit north korea can take pictures north korea are allowed visit north korea do cell phones north korea what allowed south korea why tattoo illegal korea what allowed south korea how much cash i bring korea what allowed south korea is legal drink public korea can british citizen visit north korea is wall north south korea can british citizen visit north korea how much north korea tour cost can british citizen visit north korea can fly north korea uk
query	166	stay carlton hotel prague prague
query	167	book vacation punta cana is punta cana safe how i avoid getting sick punta cana does booking com all inclusive include flights does inclusive mean eat does booking com all inclusive include flights how save inclusive vacations does booking com all inclusive include flights what cheapest inclusive vacations does booking com flights should i book flight hotel together does booking com flights does booking com hidden fees does booking com flights is booking com safe
query	168	find rocky mountains where rocky mountains located where rocky mountains start how far rocky mountains reach how many states rocky mountains cover how far rocky mountains reach are rocky mountains arizona how far rocky mountains reach why rocky mountains important what mountain ranges make rocky mountains what difference hill mountain what mountain ranges make rocky mountains what state mountain ranges what mountain ranges make rocky mountains what type rock rocky mountains what main geographical features rocky mountains what landforms rocky mountain national park what main geographical features rocky mountains where rocky mountains mainly located what main geographical features rocky mountains how old rocky mountains
query	169	leave san francisco international airport which terminal international terminal sfo is terminal 1 domestic international how i get san francisco airport is san francisco safe night how i get san francisco airport is san francisco airport easy get around how i get san francisco airport does bart run 24 hours can walk terminal 3 international terminal sfo is terminal 3 international sfo can walk terminal 3 international terminal sfo is terminal 3 domestic international can walk terminal 3 international terminal sfo what airlines terminal 3 sfo how early i get sfo international flight is 2 hours enough time international flight how early i get sfo international flight can sleep san francisco airport how early i get sfo international flight what i know flying internationally
query	170	drive car saudi arabia can foreigners drive saudi arabia what country youngest driving age what side road drive saudi arabia what speed limit saudi arabia what side road drive saudi arabia how many countries right hand drive what side road drive saudi arabia does japan drive left can drive saudi arabia us license can i drive saudi uk licence can drive saudi arabia us license is saudi arabia driving license valid europe can drive saudi arabia us license is indian driving license valid canada is dating allowed saudi arabia can i take bible saudi arabia is dating allowed saudi arabia how many wives saudi arabia is dating allowed saudi arabia what happens commit crime saudi arabia
query	171	develop south india is south india developed which richest city south india is north india developed south india is tamil nadu bigger karnataka is north india developed south india which richest state india is north india developed south india which state gdp high india which developed state south india which state safest india which developed state south india is kerala rich state which developed state south india which no 1 educated state india is maharashtra south india what main religion south india is maharashtra south india is maharashtra north south indian is maharashtra south india is pune north south india
query	172	get greencard sudan
query	173	get scenic views tehran tehran what beautiful city iran can tourists drink alcohol iran what beautiful city iran can drink alcohol iran what beautiful city iran what national dish iran is tehran safe do tourists wear hijab iran is tehran safe are americans allowed iran is tehran safe what iran which city tourism iran can tourists go iran which city tourism iran how wealthy iran which city tourism iran what famous food iran
query	174	performs live times square times square who performing times square new year eve why kiss midnight where i watch ball drop times square what channel i watch ball drop nyc where i watch ball drop times square what hotels see ball drop nyc where i watch ball drop times square can leave times square new years eve how new years eve times square can pee times square new years eve how new years eve times square are bathrooms times square new years eve how new years eve times square what times square what time bts perform new year eve who performing ball drop 2020 what time bts perform new year eve is bts performing times square what time bts perform new year eve what time bts performing times square
query	175	visit trinidad tobago nigeria trinidad tobago does nigerian need visa trinidad tobago how much nigerian visa how many hours nigeria trinidad tobago how far trinidad nigeria do need visa visit trinidad tobago can drink water trinidad do need visa visit trinidad tobago how long stay trinidad do need visa visit trinidad tobago how long take get trinidad tobago passport how many country nigeria go without visa which countries nigeria visa free how many country nigeria go without visa which country nigeria free visa how many country nigeria go without visa which country visa free
query	176	take deliveries west indies
query	177	make lager how lager beer made is stella artois lager how long take make lager is cheaper brew beer how long take make lager how long lager beer how long take make lager how many weeks take brew beer what lagering process what difference beer lager what lagering process is blue moon lager what lagering process how cold beer lager what ingredients lager what beer healthiest drink what ingredients lager is budweiser lager beer what ingredients lager is ale healthier lager
query	178	pretzel are pretzels healthy snack are pretzels healthier chips are pretzels religious what pretzel emoji mean are pretzels religious what makes pretzel taste like pretzel are pretzels religious how eat pretzels what pretzel why pretzels dipped lye what pretzel are pretzels boiled what pretzel what pretzel look like are pretzels german italian what pretzel mean sexually are pretzels german italian what country invented pretzels are pretzels german italian are pretzels italian
query	179	cook beetroot
query	180	produce boric acid what boric acid made is boric acid good skin is boric acid safe humans what insects boric acid kill is boric acid safe humans is boric acid safe around pets is boric acid safe humans is borax boric acid how make borax boric acid how use boric acid powder how make borax boric acid is boric acid borax better killing ants how make borax boric acid what ph boric acid is boric acid natural product is boric acid tide is boric acid natural product what i use instead boric acid is boric acid natural product does gain boric acid
query	181	make pancake buttermilk
query	182	play chess internet chess can play chess online can king take queen what best online chess game what benefits playing chess what best online chess game is chess related iq what best online chess game is internet chess club free how play chess can pawn take king how play chess how many times castle chess how play chess is chess hard learn can i play chess alone is playing chess good brain can i play chess alone how i good chess can i play chess alone can beat chess computer
query	183	fix chrysler neon
query	184	take clenbuterol will clenbuterol burn belly fat do steroids make lose weight is clen illegal what athletes use clenbuterol is clen illegal is clen anabolic is clen illegal can buy clenbuterol usa will clenbuterol show drug test is clenbuterol illegal australia can overdose clenbuterol can clenbuterol cause shortness breath can overdose clenbuterol what half life clenbuterol
query	185	clean copper pan copper how remove oxidation copper does brasso clean copper how clean copper bottom pans how restore copper pans how clean copper bottom pans how keep copper pots shiny how clean copper bottom pans how get black copper pans how clean burnt copper pan why non stick copper pan sticking how clean burnt copper pan why eggs stick copper pan how clean burnt copper pan how make burnt copper shiny
query	186	buy raw milk product dairy product can buy raw milk does raw milk taste different can buy raw milk uk can drink milk straight cow udder can buy raw milk uk does heating raw milk destroy nutrients can buy raw milk uk how long raw milk good why raw cow milk illegal does boiling raw milk kill bacteria why raw cow milk illegal does freezing raw milk kill bacteria why raw cow milk illegal what states illegal drink raw milk is safe drink raw cow milk how many people died raw milk is safe drink raw cow milk why people drink raw unpasteurised milk is safe drink raw cow milk can drink milk straight goat
query	187	drink diet coke how bad diet coke does coke zero make gain weight what happens drink diet coke what drinking diet soda body what happens drink diet coke why coke zero bad what happens drink diet coke what happens quit soda is diet coke better what safest diet soda drink is diet coke better which soda sugar is diet coke better what better diet coke coke zero is diet coke good weight loss what drink helps lose weight fast is diet coke good weight loss can lose weight drinking diet soda is diet coke good weight loss does aspartame cause weight gain
query	188	drink diet soda diabetes diet drink can i drink diet soda i diabetes can diabetics drink coke zero what drinks ok diabetics is tomato juice good diabetics what drinks ok diabetics can diabetics drink orange juice what drinks ok diabetics can diabetics eat potato chips how bad diet soda does diet soda break ketosis how bad diet soda is honey good fasting how bad diet soda can i chew gum intermittent fasting how bad diet soda what diet soda body how bad diet soda what happens stop drinking soda how bad diet soda is diet coke worse coke
query	189	switch ethernet hub
query	190	buy ford aerostar
query	191	play french horn how french horn played who best french horn player is french horn difficult play what hardest brass instrument play is french horn difficult play can french horn play jazz is french horn difficult play what call french horn player how make french horn are french horns marching bands how make french horn how high french horn play how make french horn how long french horn why put hand french horn how long double french horn why put hand french horn is french horn higher trumpet why put hand french horn what pitch french horn
query	192	drive manual transmission gear stick
query	193	refrigerate goat meat is demand goat meat why goat meat expensive how long keep raw mutton fridge can eat 2 year old frozen meat how long keep raw mutton fridge how long keep goat meat fridge how long keep raw mutton fridge how tell meat spoiled how refrigerate mutton how long freeze mutton how refrigerate mutton what causes meat spoil how refrigerate mutton can store raw meat tupperware how keep meat fresh what meat need refrigeration how keep meat fresh how store meat without refrigerator how keep meat fresh where store meat refrigerator
query	194	recommend guitar amplifier what best guitar amp home use do tube amps sound better what best small guitar amplifier is 50 watts enough gig what best small guitar amplifier what best cheap guitar amp what best small guitar amplifier what best guitar amp money what good electric guitar amp what combo amp guitar what good electric guitar amp what good starter amp electric guitar what good electric guitar amp what best guitar buy
query	195	use hair dryer is good use hair dryer is air drying hair bad why use hair dryer what side effects hair dryer why use hair dryer can hairdryer straighten hair why use hair dryer what price hair dryer does cold hair dryer damage hair how i healthy hair does cold hair dryer damage hair is bad sit dryer does cold hair dryer damage hair how i get perfect hair
query	196	sell handbag where i sell used handbags can finance louis vuitton where i buy authentic designer bags online how tell real louis vuitton bag where i buy authentic designer bags online is realreal authentic where i buy authentic designer bags online does rebag sell authentic bags do pawn shops buy coach bags does louis vuitton trade program do pawn shops buy coach bags can pawn michael kors purse do pawn shops buy coach bags what pawn shops buy how big tote bag what cheapest designer bag how big tote bag is tote bag handbag how big tote bag what popular tote bag
query	197	connect computer hard disk drive how i connect desktop hard drive laptop can use desktop external hard drive laptop how connect hard drive computer what mean hard disk how connect hard drive computer how many hard disk connected system how connect hard drive computer where hard drive located computer how i connect sata hard drive laptop how remove hard drive computer how i connect sata hard drive laptop can connect laptop cpu how i connect hard drive tv how i plug laptop tv how i connect hard drive tv how reformat hard drive how i connect hard drive tv how i format hard drive fat32
query	198	hear baby heartbeat heart rate monitor
query	199	download hollywood video
query	200	build hybrid vehicle what makes car hybrid how long batteries last hybrid car what full hybrid vehicle how many volts hybrid car what full hybrid vehicle what difference mild hybrid full hybrid what full hybrid vehicle how many hybrids road are hybrid cars worth it what problems hybrid cars are hybrid cars worth it what better hybrid plug hybrid are hybrid cars worth it which better hybrid electric car can hybrid cars run gas do hybrids need oil changes can hybrid cars run gas what happens hybrid car runs battery can hybrid cars run gas can still drive hybrid without battery
query	201	recognize xp computer imac how i get mac recognize printer how i enable airprint how i connect pc mac can i connect windows laptop imac how i connect pc mac how i share files mac pc how i connect pc mac can transfer files pc mac can mac files opened pc how i convert mac files pc can mac files opened pc can i connect mac hard drive pc can mac files opened pc can i open mac word documents pc how i find computer network mac how remote mac windows pc how i find computer network mac how find ip address windows how i find computer network mac how i find windows username password
query	202	rent jet ski jet ski
query	203	wash laundry detergent what best detergent washing clothes how i get laundry smell really good can put detergent directly washer can i wash clothes without detergent can put detergent directly washer can laundry detergent stain clothes can put detergent directly washer how wash clothes powder detergent is powdered laundry detergent better liquid what best smelling laundry detergent is powdered laundry detergent better liquid does matter laundry detergent use is powdered laundry detergent better liquid is persil better tide what top 10 laundry detergents is persil owned tide what top 10 laundry detergents is laundry detergent toxic what top 10 laundry detergents what best cheap laundry detergent
query	204	drive lincoln town car are lincoln town cars good cars what year stop making lincoln town car how many miles lincoln town cars last do still make lincoln town car how many miles lincoln town cars last who made lincoln cars is lincoln town car front wheel drive what towncar is lincoln town car front wheel drive what town car service is lincoln town car front wheel drive how long 1988 lincoln town car why lincoln stop making town car what replaced town car why lincoln stop making town car how long 1986 lincoln town car why lincoln stop making town car is lincoln made ford
query	205	upgrade macbook pro how i upgrade mac latest version how i update old macbook can upgrade ssd macbook pro what best ssd macbook pro can upgrade ssd macbook pro is 256gb ssd enough macbook pro can upgrade ssd macbook pro can i upgrade ssd macbook pro 2016 can i upgrade hard drive macbook pro can apple upgrade hard drive can i upgrade hard drive macbook pro is 128gb macbook air enough can i upgrade hard drive macbook pro can i upgrade ssd macbook pro 2015
query	206	get large jar marmite why marmite banned can eat much marmite is marmite sold us does marmite taste like vegemite is marmite sold us why marmite vegan is marmite sold us does marmite taste good why marmite banned canada is caffeine ovaltine why marmite banned canada is meat marmite why marmite banned canada is ovaltine really good is marmite good bad what difference marmite bovril is marmite good bad how many calories teaspoon marmite is marmite good bad does marmite give energy
query	207	make mentos react coke mentos
query	208	know metal gear solid
query	209	make dessert nutella
query	210	golden pocket watch pocket watch how much gold pocket watch worth what 17 jewels watches how i tell pocket watch gold how open back pocket watch how i tell pocket watch gold how much gold gold filled pocket watch how i tell pocket watch gold are old watches worth anything what best pocket watch brands what pocket watches symbolize what best pocket watch brands what expensive pocket watch what best pocket watch brands does rolex make pocket watch what pocket watch called what fifth pocket jeans what pocket watch called what crown pocket watch what pocket watch called what double hunter pocket watch mean
query	211	make faster porsche 911
query	212	install replacement window do install replacement windows inside outside how i install operating system what average cost replace windows home how much home depot charge install window what average cost replace windows home are replacement windows worth cost what average cost replace windows home does installing new windows increase home value can replace windows how measure replacement window can replace windows what cost install window can replace windows how prepare new window installation how long window installation take does lowes offer free window installation how long window installation take what labor cost install window how long window installation take how long take install window house
query	213	cut stained glass
query	214	recharge automotive battery can recharge car battery will car battery recharge let sit how long take recharge car battery how long leave car running battery dies how long take recharge car battery why connect negative jumping car how long take recharge car battery do car batteries recharge do i need disconnect car battery charge can i leave car battery connected charging do i need disconnect car battery charge do need disconnect car battery welding do i need disconnect car battery charge will trickle charger charge dead battery can charge car battery overnight how many amps car battery can charge car battery overnight does revving engine charge battery can charge car battery overnight how many amps i need charge 12 volt battery
query	215	bake banana bread
query	216	serve barbecue sauce
query	217	buy dvd camcorder camcorder
query	218	replace central heating how much cost replace heating system when i replace heating system do i need replace radiators new boiler does changing radiators make difference do i need replace radiators new boiler how long take fit new combi boiler do i need replace radiators new boiler do modern radiators work better how often central heating radiators replaced how much cost remove radiators how often central heating radiators replaced should radiators placed windows how often central heating radiators replaced how much cost replace radiators house how long central heating system last do central heating pumps wear how long central heating system last what happens central heating pump fails how long central heating system last why heating pump noisy
query	219	indicate popularity chardonnay what popular chardonnay what nice chardonnay what characteristics chardonnay should chill chardonnay what characteristics chardonnay how long chardonnay last what characteristics chardonnay is chardonnay sweet dry what good inexpensive chardonnay is chardonnay better pinot grigio what good inexpensive chardonnay does chardonnay need refrigerated opening what good inexpensive chardonnay what goes good chardonnay what alcohol content chardonnay is 30 alcohol lot what alcohol content chardonnay can glass wine get drunk what alcohol content chardonnay can get drunk wine
query	220	remove mascara eye shadow
query	221	put fake eyelash eyelash extensions can put fake eyelashes eyelash extensions are eyelash extensions worth money do fake lashes ruin real lashes do eyelashes grow back extensions do fake lashes ruin real lashes how apply individual false eyelashes do fake lashes ruin real lashes why eyelashes fall one eye do strip lashes ruin eyelashes why eyelash hurt do strip lashes ruin eyelashes how long fake eyelashes last do strip lashes ruin eyelashes how clean lilly eyelashes how safely remove eyelash extensions how remove glue false eyelashes how safely remove eyelash extensions how i remove eyelash eye
query	222	use acrylic paint lacquer what difference acrylic lacquer paint does lacquer paint need clear coat what acrylic lacquer paint is lacquer waterproof what acrylic lacquer paint is lacquer shiny what acrylic lacquer paint does lacquer turn yellow what difference paint lacquer is lacquer expensive what difference paint lacquer is lacquer good finish kitchen cabinets what difference paint lacquer how use spray lacquer can put lacquer paint what lacquer paint used can put lacquer paint can oil paint go lacquer can put lacquer paint is clear lacquer clear coat
query	223	make lockheed c 5 galaxy
query	224	hold tea mason jar
query	225	freeze refrigerator why everything freezing refrigerator why fridge cold freezer how i stop fridge freezing why refrigerator coils freeze how i stop fridge freezing where freezer drain how i stop fridge freezing how long fridges last what difference freezer fridge why freezer colder fridge what difference freezer fridge what type refrigerator energy efficient what difference freezer fridge what deep freeze can freeze food fridge what foods cannot frozen can freeze food fridge can eat 2 year old frozen meat can freeze food fridge does chili taste good frozen
query	226	look recipe submarine sandwich
query	227	remove door panel volkswagen passat
query	228	drink apple cider can i drink apple cider vinegar everyday how drink apple cider what benefits drinking apple cider does apple cider vinegar detox body what benefits drinking apple cider is cider good health what benefits drinking apple cider can apple cider vinegar affect kidneys when i drink apple cider vinegar weight loss how i lose tummy fat fast when i drink apple cider vinegar weight loss when i take apple cider vinegar morning night when i drink apple cider vinegar weight loss does lemon water slim what side effects drinking apple cider vinegar everyday what dangers apple cider vinegar what side effects drinking apple cider vinegar everyday what apple cider vinegar hair what side effects drinking apple cider vinegar everyday does apple cider make gassy
query	229	keep labrador retriever how keep labrador dog how often wash dog are labradors high maintenance do labradors bark lot are labradors high maintenance what annoying dog breed are labradors high maintenance how long walk labrador need how much cost keep labrador what expensive dog how much cost keep labrador are labradors dangerous how much cost keep labrador are egg shells good dogs how often bathe labrador retriever why labs stink how often bathe labrador retriever are labradors always hungry how often bathe labrador retriever what months labs shed
