query	1	benchmarking have
query	2	bodybuilding take How do bodybuilders use creatine? Does creatine affect you sexually? How do bodybuilders use creatine? Does creatine make you look bigger? Is creatine safe for bodybuilding? Why do bodybuilders take creatine? Is creatine safe for bodybuilding? Is creatine a steroid? Is creatine safe for bodybuilding? Does creatine have negative side effects? Is creatine good for muscle gain? Does creatine cause hair loss? Is creatine good for muscle gain? Does creatine actually work? Is creatine good for muscle gain? How quickly does creatine work? How much creatine do bodybuilders take? Is creatine bad for your kidneys? How much creatine do bodybuilders take? Should I take creatine before or after workout? How much creatine do bodybuilders take? Should creatine be cycled?
query	3	brainstorming brainstorm What is silent brainstorming? What is reverse brainstorming? What are the 3 rules of brainstorming? What are brainstorming activities? What are the 3 rules of brainstorming? What are some brainstorming methods? What are the 3 rules of brainstorming? What is a brainstorming session? Can you brainstorm alone? Who propounded brainstorming technique? Can you brainstorm alone? Why is brainstorming in a group beneficial? How do you have a brainstorming session? How do you organize brainstorming ideas? How do you have a brainstorming session? What are the four rules of brainstorming? How do you have a brainstorming session? How long should a brainstorming session last?
query	4	chain smoking start
query	5	funding get funding Can you get a government grant to start a business? How do I fund a business with no money? Can you get a government grant to start a business? How do I get startup money for a business? What grants are available to start a small business? How can I get money from the government for free? What grants are available to start a small business? What are 4 types of grants? What grants are available to start a small business? How do I apply for a grant for a small business? Are there grants for first time business owners? How do I qualify for a minority business grant? Are there grants for first time business owners? Are grants free? Are there grants for first time business owners? How do you get government grants?
query	6	hair coloring bleach hair back to brown
query	7	hit and run stop at the scene of an accident What should you do if someone hits your car and runs? Do police investigate hit and runs? What should you do if someone hits your car and runs? Do police check cameras for hit and runs? What happens if you don't report an accident within 24 hours? Do you have to call the police after a minor car accident? What happens if you don't report an accident within 24 hours? Is it illegal to not report a minor car accident? What happens if you don't report an accident within 24 hours? How long after a hit and run accident can you be charged? Can you claim compensation for a hit and run? What do police do with a hit and run? Can you claim compensation for a hit and run? What is considered as a hit and run? Can you claim compensation for a hit and run? Is a hit and run illegal? Do you have to report a minor car accident to police UK? Can someone claim on my car insurance without my details? Do you have to report a minor car accident to police UK? What do you do when someone hits your car and leaves? Do you have to report a minor car accident to police UK? What to do if someone refuses to give insurance details?
query	8	language acquisition suggest a foreign language thats easy to learn
query	9	mediation help you come up with possible solutions How does mediation for child custody work? Should you bring your lawyer to mediation? How does mediation for child custody work? Is custody mediation legally binding? What should I wear to custody mediation? Can I wear leggings to court? What should I wear to custody mediation? Can a mediator make decisions? What should I wear to custody mediation? What is a home study for custody? What is discussed in child custody mediation? Can child custody be settled out of court? What is discussed in child custody mediation? What is discussed in mediation? What is discussed in child custody mediation? Do judges follow mediator recommendations? Can you bring evidence to mediation? What are the 5 steps of mediation? Can you bring evidence to mediation? Do both parties have to agree to mediation? Can you bring evidence to mediation? What is an example of mediation?
query	10	pull up do any aerobic physical activity Is a one arm pull up possible? How do you master one arm pull up? Is a one arm pull up possible? Is 20 pull ups in a row good? How many pull ups to do a one arm pull up? Should you do pull ups everyday? How many pull ups to do a one arm pull up? How many pull ups is a lot? How many pull ups to do a one arm pull up? How do you be able to do a pull up? How long does it take to learn one arm pull up? Why are chin ups easier than pull ups? How long does it take to learn one arm pull up? What muscles do one arm push ups work? How many pull ups should I do to do a muscle up? What muscles do pull ups build? How many pull ups should I do to do a muscle up? Do dips help with pull ups? How many pull ups should I do to do a muscle up? How often should you do pull ups?
query	11	spoofing attack know who do the spoof 
query	12	spray painting use on fabric
query	13	translation know japanese recipe ingredient translation What does Mija mean? What is a Papito? What does Mija mean? What does mijita mean? What is the word what in Spanish? What are some common Spanish phrases? What is the word what in Spanish? What are common Spanish phrases? What is the word what in Spanish? What are the basics of Spanish? What is espanol English? How do you say Espanol? What is espanol English? What does LA mean is Spanish? What is espanol English? Is Espanol and Spanish the same? Is there a Spanish translation app for English? What is the best Spanish to English translator app? Is there a Spanish translation app for English? What is the best Spanish translator app? Is there a Spanish translation app for English? Is iTranslate better than Google Translate?
query	14	all about my mother forget
query	15	back to the future remember
query	16	braveheart love that movie
query	17	give me five give fives
query	18	on the road follow
query	19	our daughter leave How do I help my daughter through divorce? How does parental separation affect a child? How do I help my daughter through divorce? Should parents interfere in their children's marriage? Do kids survive divorce? Should a couple stay together for your child? Do kids survive divorce? How do dads cope with divorce? Do kids survive divorce? Does divorce destroy families? How does divorce affect children's future relationships? What age is most common for divorce? Are toddlers affected by divorce? Who gets custody of child in divorce? Are toddlers affected by divorce? What percent of special needs parents get divorced? Are toddlers affected by divorce? Does divorce hurt the child?
query	20	run fast happen How can I improve my running speed? How do you breathe when running? How can I improve my running speed? What is a good running speed? How can I run faster for track? Who is the fastest runner? How can I run faster for track? How do I train for sprinting? How can I run faster for track? How do I run a faster 5k? What foods make you run faster? Should runners drink milk? What foods make you run faster? What food should runners avoid? What foods make you run faster? What gives you energy to run?
query	21	shakespeares plays prepare for a shakespeare play
query	22	showtime choose
query	23	so young abandon
query	24	striptease obsess
query	25	take on me forget
query	26	terms of endearment come
query	27	the devil wears prada watch the devil wears prada
query	28	the wizard of oz watch full episode of robot chicken Did Dorothy have silver shoes? What does the silver shoes represent in the Wizard of Oz? Did Dorothy have silver shoes? What does the Emerald City represent in the Wizard of Oz? What did Dorothy have in her basket? What is the only color witches and sorceresses can wear? What did Dorothy have in her basket? What saved Dorothy from the Emerald City? What did Dorothy wear in the Wizard of Oz? What was used to make the Tin Man's tears? What did Dorothy wear in the Wizard of Oz? Where are the Wizard of Oz ruby slippers? What did Dorothy wear in the Wizard of Oz? What do the ruby slippers symbolize in the Wizard of Oz? What color socks did Dorothy wear in the Wizard of Oz? How did Dorothy get the red slippers? What color socks did Dorothy wear in the Wizard of Oz? How do you spell Toto from the Wizard of Oz? What color socks did Dorothy wear in the Wizard of Oz? What does Dorothy say at the end of the Wizard of Oz?
query	29	the incredible hulk watch movie with english subtitle
query	30	the paper make love with a girl
query	31	the pyramid reclaim
query	32	the sixth sense see the spirits of people who have died
query	33	the tall man meet a good woman
query	34	today lose
query	35	trust me make trust
query	36	porco rosso watch porco rosso ( 1992 )
query	37	prom night love the colors of prom How do you prepare for prom? What do you do after prom? How do you prepare for prom? Who is allowed to go to prom? How do you get clear skin before prom? How can I make my face clear? How do you get clear skin before prom? How can I clear my face from acne free? How many days before prom should you get a spray tan? How long does prom hair take? How many days before prom should you get a spray tan? Can I spray tan twice a week? How many days before prom should you get a spray tan? When should I get my nails done before prom? What do girls need for prom? Why is prom a thing? What do girls need for prom? What is the point of prom? What do girls need for prom? What do you do with your prom date?
query	38	knowing find the name of a song 
query	39	krrish see
query	40	law & order: special victims unit win emmy
query	41	lost season 3 release on dvd
query	42	mary poppins watch this video
query	43	baby shower give How far in advance do you send out baby shower invitations? Who pays for a baby shower? How far in advance do you send out baby shower invitations? How many hours should a baby shower be? How do you make a baby shower invitation on Microsoft Word? How do I create a party invitation in Word? Who should send out baby shower invitations? Do you have to open gifts at a baby shower? Who should send out baby shower invitations? What is the etiquette for baby showers? Who should send out baby shower invitations? Who plans the baby shower? What do you say in a baby shower card? Do you write a baby shower card to both parents? What do you say in a baby shower card? What do I wear to a baby shower? What do you say in a baby shower card? Do you address baby shower card to both parents?
query	44	chernobyl disaster happen
query	45	formula one become a f1 driver
query	46	graduation attend ceremony How do you wear graduation robes? Do you have to wear a stole at graduation? How do you wear graduation robes? Are masters gowns different than bachelors? What should I wear to my graduation ceremony? What do parents wear to graduation? What should I wear to my graduation ceremony? Do you bring a gift to a graduation party? What should I wear to my graduation ceremony? Are you supposed to wear white at graduation? Why do professors wear robes at graduation? What do the different colored tassels mean at graduation? Why do professors wear robes at graduation? What does the tassel mean? Why do professors wear robes at graduation? What does a gold tassel mean? What does it mean to be hooded at graduation? Do you get hooded for a master's degree? What does it mean to be hooded at graduation? Do you show up to graduation in cap and gown? What does it mean to be hooded at graduation? Do masters students get hooded?
query	47	honeymoon recommend How much is the average honeymoon? Who pays for the honeymoon? How much is the average honeymoon? How many days should a honeymoon be? What does couples do on honeymoon? What do couples do at night? What does couples do on honeymoon? What is the first night? What does couples do on honeymoon? How can I surprise my husband on his honeymoon? How long after a wedding do you go on your honeymoon? Can you have a honeymoon before the wedding? How long after a wedding do you go on your honeymoon? Why is a honeymoon important? How long after a wedding do you go on your honeymoon? Why do we call it a honeymoon? Which honeymoon package is best? What can couples do in Goa? Which honeymoon package is best? What is honeymoon trip? Which honeymoon package is best? How do I plan a honeymoon on my budget?
query	48	immigration apply for citizenship How can I legally immigrate to the US? What are the 4 types of immigrants? How can I legally immigrate to the US? How much does a visa cost? How much does it cost to immigrate to the US? Can you buy US citizenship? How much does it cost to immigrate to the US? How much does immigration attorney cost? How much does it cost to immigrate to the US? How much is the citizenship fee 2019? How long does it take to immigrate to the US? What is the easiest way to move to USA? How long does it take to immigrate to the US? How long does it take to get green card after immigration interview? How long does it take to immigrate to the US? What relatives can a US citizen sponsor? How can I move to America? Can I move to America without a job? How can I move to America? How can I permanently live in USA? How can I move to America? How much is a green card?
query	49	islamic terrorism issue indictment
query	50	live aid raise dollars
query	51	the exodus believe
query	52	world war ii win
query	53	flood pevent How can we help flood victims? What items do flood victims need? How can we help flood victims? How can we help the victims of natural disasters? How does the government help with floods? What are the three methods of flood control? How does the government help with floods? Who is responsible for flooding? How does the government help with floods? What should you do before a flood? How can we help flood victims in Kerala? Who donated for Kerala? How can we help flood victims in Kerala? How can I donate my Kerala Flood Relief Fund? How can we help flood victims in Kerala? What can we do to help Kerala?
query	54	anti-gravity create an anti gravity propulsion system
query	55	html embed a sound in a html page Can you embed SVG in HTML? What is an IFrame? Can you embed SVG in HTML? Does SVG work in all browsers? How do I use SVG in HTML? What is SVG used for? How do I use SVG in HTML? Can I use SVG background? How do I use SVG in HTML? Which is better SVG or Canvas? What is SVG tag in HTML? What is G tag? What is SVG tag in HTML? What is difference between SVG and Canvas? What is SVG tag in HTML? What is SVG path? What tags can I use to embed an object into an HTML code? How do I embed code in HTML? What tags can I use to embed an object into an HTML code? What is embed in HTML? What tags can I use to embed an object into an HTML code? What is Hgroup?
query	56	php debug How do you execute a PHP script from the command line? What is command line PHP? How do you execute a PHP script from the command line? How do I install PHP? How do I run a PHP file? How do I start PHP in Ubuntu? How do I run a PHP file? Can I use PHP in Visual Studio? How do I run a PHP file? Is it easy to learn PHP? What is interactive PHP shell? What is a PHP shell? What is interactive PHP shell? Is PHP open source? How do I start xampp from Ubuntu command line? How do I start laravel in Ubuntu? How do I start xampp from Ubuntu command line? How can I use xampp in ubuntu? How do I start xampp from Ubuntu command line? How do I become superuser on Ubuntu?
query	57	english grammar teach How can I improve my grammar and vocabulary? How can I speak good grammar? How can I improve my grammar and vocabulary? How can I speak good English? How can I learn English grammar easily? How can I speak English fluently step by step? How can I learn English grammar easily? What is basic grammar in English? How can I learn English grammar easily? What are the 12 English tenses? What are 4 types of sentence structure? What is a sentence starter? What are 4 types of sentence structure? How do you form a sentence? What are 4 types of sentence structure? How do you identify a phrase in English?
query	58	free education apply
query	59	job satisfaction get
query	60	belief say What religion believes in reincarnation? How many lives does a human have? What religion believes in reincarnation? Can you believe in God and reincarnation? Does Kabbalah believe in reincarnation? Does Kabbalah believe in God? Does Kabbalah believe in reincarnation? Does Judaism believe one God? Does Kabbalah believe in reincarnation? How many commandments are there? How do you know if you were reincarnated? How do you do past life regression? How do you know if you were reincarnated? Did Buddha believe in reincarnation? What is the belief of reincarnation in Hinduism? What is the law of karma in Hinduism? What is the belief of reincarnation in Hinduism? What are the four stages of life in Hinduism? What is the belief of reincarnation in Hinduism? What is the significance of karma?
query	61	tagalog language teach
query	62	environmentalism support environmentalism and climate change awareness
query	63	bibliography write the bibliography What is bibliography and example? How do we write a bibliography? What is bibliography and example? Why is bibliography important? What goes in a bibliography? How do you write a bibliography in English? What goes in a bibliography? How do you write a bibliography for a school project? What goes in a bibliography? What is a bibliography in an assignment? How do you write a bibliography Harvard style? What is APA style of referencing? How do you write a bibliography Harvard style? How do you do footnotes? How do you write a bibliography Harvard style? What is Harvard referencing style?
query	64	email box send
query	65	google maps prepare Can you give me Google Maps? How do I use Google Maps on my phone? Can you give me Google Maps? Is the Google Maps app free? How do I use Google Maps in my car? What is the Google Maps lady's name? How do I use Google Maps in my car? How do I connect Google Maps to my car Bluetooth? How do I use Google Maps in my car? How do I use Google Maps on Android? What is the function of Google Maps? What does map stand for? What is the function of Google Maps? What is Google map in android? What is the function of Google Maps? How do I use Google Maps on my iPhone? How do I create a Google map? How can I change my location on Google? How do I create a Google map? Where is navigation settings in Google Maps? How do I create a Google map? How do I set my location on Google?
query	66	property insurance receive
query	67	voip phone use How do I connect my VoIP to my landline? Can I use my cordless phone with VoIP? How do I connect my VoIP to my landline? How do I setup a landline connection? Can I use VoIP phone at home? Does VoIP require a special phone? Can I use VoIP phone at home? Are VoIP calls free? Can I use VoIP phone at home? How much is VoIP monthly? How do I connect my VoIP phone to my wireless network? Does VoIP work over WiFi? How do I connect my VoIP phone to my wireless network? Can you plug a phone line into an Ethernet port? How do I connect my VoIP phone to my wireless network? How do I connect my landline to my router? Can a landline call a VoIP phone? Is VoIP better than landline? Can a landline call a VoIP phone? Is a VoIP number a cell phone? Can a landline call a VoIP phone? Can I use normal phone for VoIP?
query	68	separation of church and state allow
query	69	indian institute of technology joint entrance examination pass
query	70	history of television watch
query	71	acupuncture work What should I do to prepare for acupuncture? Should you drink water after acupuncture? What should I do to prepare for acupuncture? How long do effects of acupuncture last? What should I avoid after acupuncture? Does acupuncture help with weight loss? What should I avoid after acupuncture? How do I know acupuncture is working? What should I avoid after acupuncture? Does acupuncture work right away? Is it OK to eat before acupuncture? Does acupuncture make you tired? Is it OK to eat before acupuncture? What do you wear to acupuncture? Is it OK to eat before acupuncture? What can I expect at my first acupuncture appointment? How are you supposed to feel after acupuncture? What happens to your body during acupuncture? How are you supposed to feel after acupuncture? What are the negative effects of acupuncture? How are you supposed to feel after acupuncture? What does acupuncture actually do?
query	72	apgar score improve How do you interpret Apgar scores? What is a normal Apgar score at 1 minute? How do you interpret Apgar scores? How common is an Apgar score of 10? What are the 5 Apgar scores? What does an Apgar score of 5 indicate? What are the 5 Apgar scores? What is Apgar score at birth? What are the 5 Apgar scores? What reflexes are babies born with? What does an Apgar score of 4 mean? Is an Apgar score of 5 good? What does an Apgar score of 4 mean? Why is Apgar scoring system important? What does an Apgar score of 4 mean? Is the Apgar score still used? What does an Apgar score of 3 indicate? What is Apgar assessment? What does an Apgar score of 3 indicate? Can a baby die from swallowing meconium? What does an Apgar score of 3 indicate? When should an Apgar assessment be completed on a newborn?
query	73	asthma relieve How can I prevent asthma naturally? Is coffee good for asthma? How can I prevent asthma naturally? How do you sleep with asthma position? How can we prevent asthma? What asthma patient should avoid? How can we prevent asthma? What drink is good for asthma? How can we prevent asthma? How can I control my asthma without an inhaler? What triggers asthma? What food can cure asthma? What triggers asthma? Is yogurt good for asthma? What triggers asthma? What should you eat when you have asthma? What helps asthma naturally? Is onion good for asthma? What helps asthma naturally? Can you cure asthma permanently? What helps asthma naturally? How can I calm my asthma?
query	74	back pain treat What causes pain in the upper back? How should I sleep to relieve upper back pain? What causes pain in the upper back? What helps upper back pain fast? How do I know if my upper back pain is serious? Can stress cause upper back pain? How do I know if my upper back pain is serious? How do you stretch upper back pain? How do I know if my upper back pain is serious? Can you feel lung pain in your back? How do you relieve pain between shoulder blades? Can stress and anxiety cause shoulder blade pain? How do you relieve pain between shoulder blades? When should I go to the ER for upper back pain? How do you relieve pain between shoulder blades? How do I pop the top of my back? What causes upper back pain between shoulder blades? Why does my upper back hurt all the time? What causes upper back pain between shoulder blades? Can gas get trapped in your back? What causes upper back pain between shoulder blades? What does a slipped disc feel like in upper back?
query	75	brain develop
query	76	carpal tunnel syndrome suffer Can carpal tunnel syndrome go away on its own? What triggers carpal tunnel? Can carpal tunnel syndrome go away on its own? What type of jobs can cause carpal tunnel syndrome? How can I treat carpal tunnel at home? Does massage help carpal tunnel? How can I treat carpal tunnel at home? Is carpal tunnel a disability? How can I treat carpal tunnel at home? What foods help carpal tunnel? What will happen if carpal tunnel syndrome is not treated? How does a doctor diagnose carpal tunnel syndrome? What will happen if carpal tunnel syndrome is not treated? How can I check myself for carpal tunnel? What will happen if carpal tunnel syndrome is not treated? How can you tell the difference between carpal tunnel and arthritis? How long does carpal tunnel last? What exercises help with carpal tunnel? How long does carpal tunnel last? Can you get permanent nerve damage from carpal tunnel? How long does carpal tunnel last? Can I use my hand after carpal tunnel surgery?
query	77	dna identify How do you collect a DNA sample? Can you get DNA from ashes? How do you collect a DNA sample? Is there DNA in blood? How is touch DNA collected? Can you leave DNA by touching something? How is touch DNA collected? Is touch DNA admissible in court? How is touch DNA collected? Can Touch DNA be washed away? Can you get DNA from urine? Does vomit have DNA? Can you get DNA from urine? Where Is DNA Found? Can you get DNA from urine? How long is DNA good for? What can be used for DNA testing? Is Father and son DNA the same? What can be used for DNA testing? Can you get a DNA test from a toothbrush? What can be used for DNA testing? How long does DNA last in hair?
query	78	hepatitis c diagnose
query	79	insomnia cause How long will insomnia last? Will insomnia go away? How long will insomnia last? What to drink to sleep faster? Can sleeping pills cure insomnia? Is it OK to take sleeping pills every night? Can sleeping pills cure insomnia? What is the best medicine for insomnia? Can sleeping pills cure insomnia? How can I sleep with anxiety and insomnia? How can I stop my insomnia? What foods cause insomnia? How can I stop my insomnia? How can I fall asleep in 5 minutes? How can I stop my insomnia? What should I eat if I have insomnia? What is the main cause of insomnia? How much sleep do insomniacs get? What is the main cause of insomnia? Can a person die from insomnia? What is the main cause of insomnia? How can I fall asleep in 10 seconds?
query	80	kidney donate What are the side effects of donating a kidney? Do you gain weight after donating a kidney? What are the side effects of donating a kidney? What would disqualify you from donating a kidney? Is donating a kidney dangerous? Is donating a kidney painful? Is donating a kidney dangerous? Can you live a normal life with one kidney? Is donating a kidney dangerous? Do kidney donors live shorter lives? Can you be paid to donate a kidney? Do organ donors get free funerals? Can you be paid to donate a kidney? What is the recovery time for donating a kidney? Can you be paid to donate a kidney? How much does it cost to donate a kidney? How do you donate a kidney? How long can you live on dialysis? How do you donate a kidney? Can a male receives a female kidney? How do you donate a kidney? What does the kidney do?
query	81	naproxen increase
query	82	pubis break
query	83	respiratory system evaluate
query	84	self-esteem boost
query	85	shock cause How do you adjust culture shock? What causes culture shock? How do you adjust culture shock? What is culture shock example? How do you overcome culture shock when studying abroad? Why is culture shock important? How do you overcome culture shock when studying abroad? How long does culture shock last? How do you overcome culture shock when studying abroad? What are the symptoms of culture shock?
query	86	skin care What are the symptoms of sensitive skin? How do you calm an irritated face? What are the symptoms of sensitive skin? What is sensitive skin type? What skincare is best for sensitive skin? Is Olay good for sensitive skin? What skincare is best for sensitive skin? What makeup brand is good for sensitive skin? What skincare is best for sensitive skin? Is Neutrogena safe for sensitive skin? What is sensitivity skin? What causes hypersensitive skin? What is sensitivity skin? Why is my skin so sensitive and itchy? What is sensitivity skin? Can stress make your skin sensitive? How do you treat dry sensitive skin? Is dry skin more sensitive? How do you treat dry sensitive skin? Which cream is best for dry and sensitive skin?
query	87	speech disorder overcome Can speech disorders be cured? What causes speech problems in adults? Can speech disorders be cured? What is it called when you cant speak? Can anxiety cause speech problems? What is it called when you stumble over your words? Can anxiety cause speech problems? What are the three basic types of speech impairments? Can anxiety cause speech problems? What are the three types of aphasia? What causes a speech impediment? Is a speech impairment a disability? What causes a speech impediment? Is a speech impediment a learning disability? What neurological disorders cause speech problems? Can dehydration cause speech problems? What neurological disorders cause speech problems? Can a pinched nerve cause slurred speech? What neurological disorders cause speech problems? What part of the brain is responsible for speech?
query	88	spinal muscular atrophy reduce
query	89	testosterone increase
query	90	thyroid hormone produce What are the main functions of the thyroid gland? Can Thyroid be cured? What are the main functions of the thyroid gland? What is the main cause of thyroid problems? What is the function of t3 and t4? What is the function of triiodothyronine? What is the function of t3 and t4? What foods are bad for thyroid? What is the function of t3 and t4? What organ is affected by TSH? What is the difference between t3 and t4? What is a good thyroid level? What is the difference between t3 and t4? What affects thyroid function? What is the difference between t3 and t4? What is a normal t4 level? Does thyroid affect brain function? Does thyroid affect mental health? Does thyroid affect brain function? Is a thyroid problem serious? Does thyroid affect brain function? How dangerous is hypothyroidism?
query	91	trichinosis stop
query	92	urinary incontinence prevent What can cause incontinence in cats? What causes incontinence in elderly? What can cause incontinence in cats? How do I know if my cat has kidney failure? Can cats have urinary incontinence? What medicine do you give a cat for a UTI? Can cats have urinary incontinence? How do you get cat pee smell out of a cat? Can cats have urinary incontinence? Why does my cat pee while sleeping? Why do female cats leak urine? Can cats get UTI from dirty litter box? Why do female cats leak urine? How do indoor cats get UTI? Why do female cats leak urine? How can I tell if my cat has a UTI? Is there a cure for incontinence in dogs? Is incontinence a reason to put a dog down? Is there a cure for incontinence in dogs? What can you do for old dog incontinence? Is there a cure for incontinence in dogs? Why has my dog suddenly become incontinent?
query	93	blood type donate Can O+ and O+ have a baby? Do Babies always have the father's blood type? Can O+ and O+ have a baby? What blood types should not have babies together? Which is most rare blood type? What is the best blood type? Which is most rare blood type? What is the most desirable blood type? Which is most rare blood type? Which blood group is best for health? Does my doctor know my blood type? What blood type do mosquitoes like? Does my doctor know my blood type? Which parent determines the blood type of the child? Does my doctor know my blood type? What is the universal blood type? What is the golden blood type? What is K blood type? What is the golden blood type? Which blood type is homozygous? What is the golden blood type? Can blood type change?
query	94	adidas wear
query	95	aol use
query	96	bacardi drink
query	97	big oil sell
query	98	bp own How can I download BPI app? How can I activate my BPI account online? How can I download BPI app? How can I update my mobile in BPI? How can I activate BPI mobile banking? How can I call BPI by mobile? How can I activate BPI mobile banking? How can I check my BPI balance through my phone? How can I activate BPI mobile banking? How can I check my mobile ATM balance? Can I transfer money from BPI to BPI through mobile app? Can you transfer money from BPI to BDO online? Can I transfer money from BPI to BPI through mobile app? Is BPI and BPI Family Savings Bank the same? Can I transfer money from BPI to BPI through mobile app? How can I transfer money from BPI to GCash? How do I check my BPI balance via text? How can I check my balance online? How do I check my BPI balance via text? How can I check my ATM balance online? How do I check my BPI balance via text? How can I check my BPI ATM balance online?
query	99	carolina panthers play
query	100	chicago white sox win Where do White Sox fans live? Who came first Cubs or White Sox? Where do White Sox fans live? Where did the White Sox used to play? What does White Sox mean? Why is it spelled Sox? What does White Sox mean? Do the White Sox wear white socks? What does White Sox mean? Why is Sox spelled Sox? Who likes the White Sox? How much did Reinsdorf pay for the White Sox? Who likes the White Sox? Does Chicago have 2 baseball teams? Who likes the White Sox? How far apart are the Cubs and White Sox stadiums? What part of Chicago do the White Sox play? Is Wrigleyville safe at night? What part of Chicago do the White Sox play? Is the area around the White Sox stadium safe? What part of Chicago do the White Sox play? Who has won the most World Series?
query	101	espn watch Can I watch ESPN online for free? Is ESPN free on Amazon Fire Stick? Can I watch ESPN online for free? Is the ESPN app free? Can I watch ESPN on Amazon Prime? Is ESPN on Hulu live? Can I watch ESPN on Amazon Prime? Does Amazon Prime include sports? Can I watch ESPN on Amazon Prime? Can I purchase a subscription to watch ESPN? Can you watch ESPN on Netflix? Can I watch ESPN without a TV provider? Can you watch ESPN on Netflix? Does ESPN+ include ESPN? Can you watch ESPN on Netflix? How much is ESPN on Roku? Can I watch ESPN on YouTube? Is ESPN on YouTube TV? Can I watch ESPN on YouTube? Is Paramount Network on YouTube TV? Can I watch ESPN on YouTube? Is own on YouTube TV?
query	102	fedex call How can I get in touch with FedEx? How do I contact my local FedEx office? How can I get in touch with FedEx? How do I speak to a human at FedEx? Can I call FedEx about a package? Why won't FedEx leave my package? Can I call FedEx about a package? How late can a FedEx package come? Can I call FedEx about a package? How do I contact FedEx about a lost package? How do I complain to FedEx? Can I get a refund from FedEx? How do I complain to FedEx? How do I talk to a person at FedEx? How do I complain to FedEx? How do I check the status of my FedEx application?
query	103	fifa watch How can I watch the FIFA World Cup live? How long is an Olympic soccer game? How can I watch the FIFA World Cup live? How long does a soccer game last? Can I watch the Women's World Cup on my phone? Where can I watch sports online? Can I watch the Women's World Cup on my phone? What channels are soccer games on? Can I watch the Women's World Cup on my phone? Is there Halftime in soccer?
query	104	ford motor company sell
query	105	ibm join
query	106	isuzu motors build
query	107	liberal party of canada support
query	108	little league baseball join
query	109	los angeles lakers win
query	110	major league baseball announce retirement
query	111	maroon 5 perform ballad
query	112	maybelline buy makeup
query	113	miami heat win the championship
query	114	motorola unlock motorola c975
query	115	nvidia take complaint How do I update my Nvidia drivers Windows 10? How do I know which Nvidia driver to download? How do I update my Nvidia drivers Windows 10? Does updating Nvidia drivers improve performance? How do I update my graphics driver? Does Windows 10 install drivers automatically? How do I update my graphics driver? How do I know if my drivers are up to date Windows 10? How do I update my graphics driver? How do I manually install a driver? Should I update my Nvidia driver? Are Nvidia drivers necessary? Should I update my Nvidia driver? Why is it important to update graphics drivers? Should I update my Nvidia driver? What does updating Nvidia drivers do? How do I check if my Nvidia driver is up to date? How do I update Nvidia GeForce Game Ready drivers? How do I check if my Nvidia driver is up to date? How do I install a GPU driver? How do I check if my Nvidia driver is up to date? How do I identify my graphics card?
query	116	people for the ethical treatment of animals treat animals
query	117	pga tour win tournament
query	118	singapore airlines operate route
query	119	tiscali get insurance
query	120	visa inc. extend visa
query	121	walmart apply for a job How do I get a job at Walmart? What are the best jobs at Walmart? How do I get a job at Walmart? How can I get a job quickly? How much do they pay at Walmart? Is Walmart paying $15 an hour? How much do they pay at Walmart? What companies pay $15 an hour? How much do they pay at Walmart? How many hours is Walmart part time? How long does it take to get hired at Walmart? How much do stockers at Walmart get paid? How long does it take to get hired at Walmart? How long does a background check take for Walmart? How long does it take to get hired at Walmart? Do you get paid for orientation at Walmart? Is it easy to get a Walmart job? What does Walmart look for in a background check? Is it easy to get a Walmart job? What is the best day to apply for a job? Is it easy to get a Walmart job? How do you qualify for rehire at Walmart?
query	122	university of houston apply for a job 
query	123	abraham lincoln work lawyer
query	124	alan turing pass a turing test
query	125	aristotle discover secrets
query	126	barbie hsu study relationship
query	127	batman play villain How many players can play Lego Batman? What was the very first Lego video game? How many players can play Lego Batman? How many characters are there in Lego Batman 3? Which Robin is in Lego Batman video game? What is the best Lego game? Which Robin is in Lego Batman video game? How many levels are there in Lego Batman 2? Which Robin is in Lego Batman video game? When did Lego Batman The Videogame come out? How do you throw Batarang in LEGO Batman? How do you move in Lego Batman Wii? How do you throw Batarang in LEGO Batman? How do you change characters in Lego Batman Wii? Does Lego Batman have co op? Is Batman Arkham Knight multiplayer? Does Lego Batman have co op? Does Lego Batman 3 have online co op? Does Lego Batman have co op? Does Lego Batman 2 have online co op?
query	128	british royal family idolise family
query	129	diana ross sings jazz
query	130	jason kidd provide scoring
query	131	jean-claude van damme splits 
query	132	jesus died on a tree How do I pray to Jesus? What is worship to God? How do I pray to Jesus? What is the Jesus prayer word for word? Who is God and who is Jesus? Who created the God? Who is God and who is Jesus? Who is God's father? Who is God and who is Jesus? Who is the Holy Spirit? What is the main prayer of Christianity? What are the five basic forms of prayer? What is the main prayer of Christianity? Where do Jews pray? What is the main prayer of Christianity? What is prayer in Bible? What does the Bible say about who to pray to? What does the Bible say about repetitive prayer? What does the Bible say about who to pray to? What does the Bible say about praying in private? What does the Bible say about who to pray to? What is the definition of a prayer warrior?
query	133	johann sebastian bach listen 
query	134	kathy griffin watch premiere
query	135	luther vandross left money
query	136	pope benedict xvi visit pope
query	137	prince charming become man
query	138	roger federer win season
query	139	samuel beckett find hidden talent
query	140	serena williams beat niculescu
query	141	tink sing music
query	142	tony robbins live with passion
query	143	vin diesel become warming
query	144	acapulco hold mesino
query	145	angola take crudes
query	146	british columbia establish welfare
query	147	chennai fire naphtha How can I reach Madurai from Chennai? How far is Pondicherry from Chennai? How can I reach Madurai from Chennai? How many km Madurai from Cochin? How can I reach Rameshwaram from Madurai? How many hours Madurai to Rameshwaram? How can I reach Rameshwaram from Madurai? Which is the best season to visit Rameshwaram? How can I reach Rameshwaram from Madurai? Is Ola available in Madurai? How can I go to Kodaikanal from Chennai by train? Which is best Ooty or Kodaikanal? How can I go to Kodaikanal from Chennai by train? How far is Kodaikanal from Ooty? How can I go to Kodaikanal from Chennai by train? What is Kodaikanal famous for? How many hours Madurai to Chennai? What is kms distance? How many hours Madurai to Chennai? How far is Mahabalipuram from Chennai? How many hours Madurai to Chennai? How many km Madurai to Kodaikanal?
query	148	cincinnati buy a beginner drum set
query	149	dormitory provide meals What is a dormitory room in a hotel? Can I stay with my girlfriend in railway retiring room? What is a dormitory room in a hotel? What is difference between dormitory and room? What does mixed dormitory mean? What is the difference between hostel and hotel? What does mixed dormitory mean? Can girls and boys share dorms? What does mixed dormitory mean? Can couples sleep together in hostels? Do and don'ts in hostel? How do you shower in a hostel? Do and don'ts in hostel? How long can you stay in hostels? Do and don'ts in hostel? Can you drink in a hostel? Is staying in hostels safe? Can you leave your suitcase in a hostel? Is staying in hostels safe? Are hotel safes really safe? Is staying in hostels safe? Is it safe to stay in hostels in Europe?
query	150	egypt visit How do I apply for an Egyptian visa online? How long does Egypt visa take to process? How do I apply for an Egyptian visa online? How long does Egypt E visa take to process? What are the documents required for Egypt Visa? How do I get a visa to go to Egypt? What are the documents required for Egypt Visa? What is single entry visa? What are the documents required for Egypt Visa? Which countries can get visa on arrival in Egypt? How much is a tourist visa to Egypt? What currency should you take to Egypt? How much is a tourist visa to Egypt? Can I go to Egypt without visa? How much is a tourist visa to Egypt? What should female tourists wear in Egypt? How long can you stay in Egypt on a tourist visa? What injections do I need for Egypt? How long can you stay in Egypt on a tourist visa? How do I become a citizen of Egypt? How long can you stay in Egypt on a tourist visa? What is the best time to go to Egypt?
query	151	egyptian pyramids build How many step pyramids are there in Egypt? Which Pyramid is the oldest? How many step pyramids are there in Egypt? What is a funerary complex? What are the different types of pyramids? What do the pyramids mean? What are the different types of pyramids? What is inside a pyramid? What are the different types of pyramids? What is called pyramid? How do you draw a 3d triangle? What is a 3d triangle called? How do you draw a 3d triangle? How do you make a 3d shape in Photoshop? How do you draw a 3d triangle? How do you draw the Impossible Triangle step by step? How do you draw a camel? How do you draw a crocodile? How do you draw a camel? How do you draw a cat? How do you draw a camel? How do you draw a zebra?
query	152	finland go
query	153	glasgow look for a job 
query	154	greece live in greece Why is it important to learn about ancient Greece? Why is Greek mythology important? Why is it important to learn about ancient Greece? How did ancient Greece start? What are three facts about ancient Greece? How did Greece get its name? What are three facts about ancient Greece? Who invented the Olympics? What are three facts about ancient Greece? How many Greek gods are there? What are 5 interesting facts about Greece? What sport is Greece known for? What are 5 interesting facts about Greece? Which is Greek country? What are 5 interesting facts about Greece? What religion are Greeks? How did Greece become a country? Why is Greece called the birthplace of Western civilization? How did Greece become a country? How wealthy is Greece? How did Greece become a country? Is Greece developed?
query	155	hawaii use wireless
query	156	himalayas go on a trek How much does a trip to the Himalayas cost? How do I get to Himalayas? How much does a trip to the Himalayas cost? How far is Himalayas from Delhi? Where can I see the Himalayas? What is famous in Himalayas? Where can I see the Himalayas? What does Hindu Kush mean? Where can I see the Himalayas? What does Himalaya mean? What is the best time to visit Himalayas? Who lives in the Himalayas? What is the best time to visit Himalayas? Can I see Mt Everest from Kathmandu? What is the best time to visit Himalayas? What is so special about the Himalayas? What are the best treks in Nepal? Is Nepal safe? What are the best treks in Nepal? How much does trekking cost in Nepal? What are the best treks in Nepal? How long is the Manaslu Trek?
query	157	iran discuss iran threat Is it safe to visit Iran as a tourist? Can you drink alcohol in Iran? Is it safe to visit Iran as a tourist? How do tourists dress in Iran? Is it safe to go to Iran 2019? Is Iran Expensive? Is it safe to go to Iran 2019? Is Iran a rich country? Is it safe to go to Iran 2019? Can you go to the US after visiting Iran? When should I visit Iran? Can you wear shorts in Iran? When should I visit Iran? Is Iran dangerous for tourists? When should I visit Iran? What do I wear in Iran? What can you not do in Iran? Does Indian need visa for Iran? What can you not do in Iran? What do I need to know before going to Iran? What can you not do in Iran? Can I go to Iran after Israel?
query	158	kansas city locate
query	159	kelowna get into a bar in kelowna
query	160	kings island  
query	161	lake of the ozarks reach lake
query	162	melbourne migrate Is Melbourne expensive? Which month is best to visit Melbourne? Is Melbourne expensive? How much is a beer in Melbourne? Where can I take visitors in Melbourne? Where can I go for a day trip in Melbourne? Where can I take visitors in Melbourne? What can you do in Melbourne for free? Where can I take visitors in Melbourne? What should I see in Melbourne? Is Melbourne dangerous? What is the most dangerous suburb in Melbourne? Is Melbourne dangerous? Is water safe to drink in Australia? Is Melbourne dangerous? What is the most dangerous city in Australia? What is Melbourne best known for? What is Victoria famous for? What is Melbourne best known for? Why is Melbourne so popular? What is Melbourne best known for? Why you should go to Melbourne?
query	163	mombasa compare to other african city
query	164	mount everest climb
query	165	north korea see local laws and customs
query	166	prague stay at the carlton hotel prague What should I avoid in Prague? What is a typical Czech breakfast? What should I avoid in Prague? Can I use euros in Prague? Is it safe in Prague? What is the best month to go to Prague? Is it safe in Prague? What do they eat in Prague? Is it safe in Prague? What is the best part of Prague to stay in? Is Prague friendly to tourists? Is tipping expected in Prague? Is Prague friendly to tourists? Do people in Prague speak English? Is Prague friendly to tourists? Are you supposed to tip in Prague? How much is a trip to Prague? How expensive is food in Prague? How much is a trip to Prague? Is Prague an expensive city to visit? How much is a trip to Prague? What currency is used in Prague?
query	167	punta cana book vacation
query	168	rocky mountains find
query	169	san francisco international airport leave
query	170	saudi arabia drive a car What side of the road do they drive in Saudi Arabia? What is the speed limit in Saudi Arabia? What side of the road do they drive in Saudi Arabia? What country drives on the left? Can you drive in Saudi Arabia with a US license? Can I drive in USA with Saudi license? Can you drive in Saudi Arabia with a US license? Which countries accept Saudi license? Can you drive in Saudi Arabia with a US license? What age can you drive in Saudi? Can visitors drive in Saudi Arabia? Are female tourists allowed to drive in Saudi Arabia? Can visitors drive in Saudi Arabia? Can female expats drive in Saudi Arabia? Can visitors drive in Saudi Arabia? Can Expats drive in Saudi Arabia? How safe is Riyadh Saudi Arabia? Can Hindu go to Saudi Arabia? How safe is Riyadh Saudi Arabia? Is abaya compulsory in Saudi? How safe is Riyadh Saudi Arabia? Is Saudi Arabia an ally of the US?
query	171	south india develop What are the 7 Indian spices? How many spices India have? What are the 7 Indian spices? What we called garam masala in English? Which food dishes are popular in South India? Why do Indians eat with their hands? Which food dishes are popular in South India? Why South Indian food is healthy? Which food dishes are popular in South India? Which is the best state in south India? What are the most common spices used in cooking? What are the uses of spices? What are the most common spices used in cooking? Is Cinnamon a spice? What are the most common spices used in cooking? What is Paprika seasoning? What is the most common spice used in India? What is ajwain called in English? What is the most common spice used in India? What are the main spices in curry? What is the most common spice used in India? What spice makes curry hot?
query	172	sudan get a greencard
query	173	tehran get some scenic views over tehran
query	174	times square performs live in times square
query	175	trinidad and tobago visit trinidad tobago from nigeria
query	176	west indies take deliveries
query	177	lager make Can you nametag a villager? Can villagers Despawn? Can you nametag a villager? How do you get Dinnerbone in Minecraft? How do you rename a name tag in Minecraft? How do you ride a llama in Minecraft? How do you rename a name tag in Minecraft? Can you craft a name tag? How do you rename a name tag in Minecraft? How do I make Obsidian? Can you change a villagers profession? Can nitwit villagers breed? Can you change a villagers profession? What is a Fletcher in Minecraft? Can you change a villagers profession? What do villagers eat? What happens if you name a sheep JEB_ in Minecraft? Is Dinnerbone colorblind? What happens if you name a sheep JEB_ in Minecraft? How do you summon a killer bunny in Minecraft? What happens if you name a sheep JEB_ in Minecraft? What happens if you shear a Jeb sheep?
query	178	pretzel have
query	179	beetroot cook
query	180	boric acid produce What are the side effects of boric acid suppositories? How long do boric acid suppositories take to dissolve? What are the side effects of boric acid suppositories? Did boric acid cure your BV? Do boric acid suppositories cure BV? How long does bacterial vaginosis last? Do boric acid suppositories cure BV? Is bacterial vaginosis an STD? Do boric acid suppositories cure BV? Can sperm cause BV? Are boric acid suppositories dangerous? Can boric acid cure trichomoniasis? Are boric acid suppositories dangerous? Is boric acid good for pH balance? Are boric acid suppositories dangerous? How long does boric acid take to cure BV? How far do you insert boric acid suppositories? How long does it take for a suppository to dissolve? How far do you insert boric acid suppositories? Is boric acid toxic to humans? How far do you insert boric acid suppositories? How often can you use boric acid suppositories?
query	181	buttermilk make pancake
query	182	chess play chess on internet  How do you play chess? Can a pawn take a king? How do you play chess? How do you win a game of chess? What is bullet chess? Why is chess timed? What is bullet chess? What happens when chess time runs out? What is bullet chess? How long is speed chess? Can we play chess online? Can a king Take a queen? Can we play chess online? Who created chess? Can we play chess online? Is chess a sport? Can I play chess alone? Is playing chess good for your brain? Can I play chess alone? What are the benefits of playing chess? Can I play chess alone? How can I be good at chess?
query	183	chrysler neon fix
query	184	clenbuterol take
query	185	copper clean copper pan What is the best way to clean copper? What will vinegar do to copper? What is the best way to clean copper? Does ketchup clean copper? How do you remove oxidation from copper? How do you clean badly tarnished copper? How do you remove oxidation from copper? Does Brasso clean copper? How do you remove oxidation from copper? How do you restore copper finish? What is the best chemical to clean copper? Does vinegar corrode copper? What is the best chemical to clean copper? Can you use toothpaste to clean copper? What is the best chemical to clean copper? Does CLR clean copper? How do you remove green from copper? What is the green stuff on copper? How do you remove green from copper? How do you darken copper? How do you remove green from copper? How do you get scratches out of copper?
query	186	dairy product buy raw milk product What happens to your body when you cut out dairy? Why dairy is not good for you? What happens to your body when you cut out dairy? What are the benefits of cutting out dairy? How long does it take to get dairy out of your system? How do you know if you're sensitive to dairy? How long does it take to get dairy out of your system? Does dairy cause inflammation? How long does it take to get dairy out of your system? How do you know if dairy bothers? Does giving up dairy make you gassy? What happens to your body when you stop eating sugar? Does giving up dairy make you gassy? What do you call someone who doesn't eat dairy but eats meat? Does giving up dairy make you gassy? Will cutting out dairy improve skin? How can I avoid dairy products? Is butter a dairy product? How can I avoid dairy products? How can I replace dairy in my diet? How can I avoid dairy products? Is cheese a dairy?
query	187	diet coke drink
query	188	diet drink drink diet soda if have diabetes
query	189	ethernet hub switch off
query	190	ford aerostar buy
query	191	french horn play Why do you put your hand in the French horn? Why is French horn so hard? Why do you put your hand in the French horn? What is the hardest brass instrument to learn? How much does it cost to buy a French horn? Are French horns in marching bands? How much does it cost to buy a French horn? Who is the best French horn player? How much does it cost to buy a French horn? How long is a French horn? How French horn is played? How high can a French horn play? How French horn is played? What is horn in F? How French horn is played? What key is French horn? Is the French horn difficult to play? What do you call a French horn player? Is the French horn difficult to play? Can French horn play jazz? Is the French horn difficult to play? What is the easiest instrument to learn?
query	192	gear stick drive a manual transmission
query	193	goat meat refrigerate
query	194	guitar amplifier recommend
query	195	hair dryer use How do I remove dents from my car? How do you pop out a dent? How do I remove dents from my car? How much does a dent puller cost? Will dry ice pull out dents? How do you pull dents with dry ice? Will dry ice pull out dents? Will the sun pop out hail dents? Will dry ice pull out dents? How do you get small dents out of stainless steel appliances? How do you pop a dent with compressed air? Does a hair dryer remove dents? How do you pop a dent with compressed air? How do you get a dent out of metal? How do you pop a dent with compressed air? How do you pop out dents in metal? How do you pop a dent out of a car roof? Do dent pullers work? How do you pop a dent out of a car roof? How do you get a dent out of a car door with hot water? How do you pop a dent out of a car roof? How do you use a dent remover kit?
query	196	handbag sell
query	197	hard disk drive connect to the computer
query	198	heart rate monitor hear baby 's heartbeat
query	199	hollywood video download
query	200	hybrid vehicle build
query	201	imac recognize by xp computer Can I add RAM to iMac? How long do iMacs last? Can I add RAM to iMac? Can I mix 4gb and 8gb RAM in iMac? How much RAM do I need for iMac? Will more RAM make my iMac faster? How much RAM do I need for iMac? Do you need 16gb of RAM Mac? How much RAM do I need for iMac? Do I need 32gb of RAM? Can you add RAM to iMac 2019? Does upgrading iMac RAM void warranty? Can you add RAM to iMac 2019? How do you remove RAM from an iMac? Can you add RAM to iMac 2019? Why is more RAM better? Can you buy RAM from Apple? How much RAM do I need? Can you buy RAM from Apple? What is 16gb 2400mhz ddr4 memory? Can you buy RAM from Apple? How much RAM do I need MacBook Pro 2019?
query	202	jet ski rent a jet ski How do you winterize a jet ski with antifreeze? Do jet skis need to be winterized? How do you winterize a jet ski with antifreeze? Can you leave Jet Ski in water? How do you winterize a Seadoo PWC? What is the best jet ski for the money? How do you winterize a Seadoo PWC? How much does it cost to winterize a boat? How do you winterize a Seadoo PWC? How do you winterize a 4 TEC Seadoo? Do you have to winterize a 2 stroke jet ski? How long can you run a jetski out of water? Do you have to winterize a 2 stroke jet ski? Does Polaris still make jet skis? Do you have to winterize a 2 stroke jet ski? How do you winterize a boat? How do you use fogging oil on a jet ski? What does fogging a boat motor do? How do you use fogging oil on a jet ski? What is fogging oil used for? How do you use fogging oil on a jet ski? How do I prepare my engine for storage?
query	203	laundry detergent wash How do you get laundry detergent off the floor? How do you clean up large spilled soap? How do you get laundry detergent off the floor? What happens if you use too much detergent? What neutralizes soap? Does vinegar neutralize detergent? What neutralizes soap? Can you mix soap and vinegar? What neutralizes soap? Does vinegar break down soap? Can you mop with laundry detergent? Is vinegar good for cleaning floors? Can you mop with laundry detergent? What is a mild detergent for cleaning? Can you mop with laundry detergent? Can you use laundry soap for dish soap?
query	204	lincoln town car drive
query	205	macbook pro upgrade How much does it cost to upgrade RAM on MacBook Pro? What brand of RAM is best for MacBook Pro? How much does it cost to upgrade RAM on MacBook Pro? Can MacBook pro retina RAM be upgraded? How much RAM can I put in my MacBook pro? Can I put 16gb of RAM in my 2012 MacBook Pro? How much RAM can I put in my MacBook pro? Can we upgrade SSD in MacBook Pro? How much RAM can I put in my MacBook pro? How can I speed up my MacBook pro? Can Apple upgrade my RAM? Will more RAM speed up my Mac? Can Apple upgrade my RAM? Can you upgrade RAM 2019 MacBook? Can Apple upgrade my RAM? Can you upgrade MacBook pros? Can you upgrade the RAM on a MacBook Air? Do I really need 16gb of RAM MacBook Pro? Can you upgrade the RAM on a MacBook Air? Do you need 16gb of RAM? Can you upgrade the RAM on a MacBook Air? Is 128gb MacBook air enough?
query	206	marmite get a large jar Why is Marmite banned? How does Marmite taste like? Why is Marmite banned? What is the secret ingredient in Marmite? Is Marmite good or bad for you? Why is Marmite banned in Canada? Is Marmite good or bad for you? Does Marmite have meat in it? Is Marmite good or bad for you? What do you eat Marmite with? Can you eat too much Marmite? Do you have to refrigerate Marmite? Can you eat too much Marmite? Is Marmite OK for diabetics? Can you eat too much Marmite? What is the difference between Marmite and Bovril? Can Marmite be used as a drink? Does Marmite cure hangovers? Can Marmite be used as a drink? Is Marmite good for your skin? Can Marmite be used as a drink? Is Marmite made from Guinness?
query	207	mentos make mentos react with coke How do you make a Coke and Mentos Rocket? Do fruit Mentos work with Diet Coke? How do you make a Coke and Mentos Rocket? What candy makes soda explode? How many Mentos are in a Diet Coke Rocket? Why does Coke explode when you put Mentos in it? How many Mentos are in a Diet Coke Rocket? Does Mentos gum work Coke? How many Mentos are in a Diet Coke Rocket? Does sprite work with Mentos? What happens when you put Mentos in Diet Coke? What is Coke made of? What happens when you put Mentos in Diet Coke? Why does baking soda and coke react? What happens when you put Mentos in Diet Coke? How do you make a Coke explode? What pop works best with Mentos? Can you swallow Mentos? What pop works best with Mentos? Are Mentos vegan? What pop works best with Mentos? What is Mentos made out of?
query	208	metal gear solid know Can I play Metal Gear Solid on PC? What Metal Gear games should I play? Can I play Metal Gear Solid on PC? Will mgs4 be on PC? Is Metal Gear Solid a remake of Metal Gear? How old is Solid Snake? Is Metal Gear Solid a remake of Metal Gear? What is Snake's real name? Is Metal Gear Solid a remake of Metal Gear? Will there be a Metal Gear Solid 6? Is phantom pain the last Metal Gear? Is quiet a skull? Is phantom pain the last Metal Gear? Why is mgs5 unfinished? Is phantom pain the last Metal Gear? Does Solid Snake die after mgs4?
query	209	nutella make dessert
query	210	pocket watch have a golden pocket watch What is a Fusee pocket watch? How do you open the back of a pocket watch? What is a Fusee pocket watch? What is a verge pocket watch? Where does a pocket watch go on a suit? Can you wear a pocket watch with jeans? Where does a pocket watch go on a suit? How do you wear a pocket watch with a 2 piece suit? Where does a pocket watch go on a suit? How do you wear a pocket watch in a suit jacket? How do you wear a pocket watch with a single Albert? How long is a pocket watch chain? How do you wear a pocket watch with a single Albert? How do you make a pocket square? How do you wear a pocket watch with a single Albert? What is a half hunter pocket watch? When did pocket watches go out of style? What is the best pocket watch? When did pocket watches go out of style? What do pocket watches symbolize? When did pocket watches go out of style? How long should a pocket watch run?
query	211	porsche 911 make faster
query	212	replacement window install Do you install replacement windows from the inside or outside? Do replacement windows come with sills? Do you install replacement windows from the inside or outside? How long does window installation take? What is the average cost to replace windows in a home? Are replacement windows worth the cost? What is the average cost to replace windows in a home? How much does Home Depot charge to install a window? What is the average cost to replace windows in a home? How much does a Renewal by Andersen window cost? How are replacement windows installed? How do I install operating system? How are replacement windows installed? How do you replace a window pane? How are replacement windows installed? How do you measure for replacement windows? Can you replace your own windows? What is the cost to install a window? Can you replace your own windows? Can you replace windows without replacing the frame? Can you replace your own windows? What is a double hung window?
query	213	stained glass cut
query	214	automotive battery recharge
query	215	banana bread bake
query	216	barbecue sauce serve
query	217	camcorder buy a dvd camcorder What's the difference between camcorder and video camera? Is a camcorder better than a smartphone? What's the difference between camcorder and video camera? What is the best device for recording video? How can I play my old camcorder on my TV? How do I connect my camcorder to my computer? How can I play my old camcorder on my TV? How do I hook up my old VCR to my new TV? How can I play my old camcorder on my TV? How do I connect my security camera to my TV? What is a camcorder used for? What is the best affordable camcorder? What is a camcorder used for? Does a camcorder record sound? What is a camcorder used for? What is the difference between DSLR and camcorder? Can a camcorder take pictures? Can you use a camcorder for YouTube? Can a camcorder take pictures? Do digital cameras take video? Can a camcorder take pictures? Are camcorders still relevant?
query	218	central heating replace Can I install central heating myself? Can you get grants for central heating? Can I install central heating myself? How much does it cost to install central heating in a 3 bed house? How much does it cost to put in a new heating system? How many square feet will a 3 ton AC cool? How much does it cost to put in a new heating system? When should I replace my heating system? How much does it cost to put in a new heating system? What heating system is best? How long does it take to install central heating? Do you need new radiators with a new boiler? How long does it take to install central heating? How long does a combi boiler take to install? How long does it take to install central heating? Why are my radiators only luke warm? How much does it cost to put gas in a house? Can a plumber run a gas line? How much does it cost to put gas in a house? Who installs a gas line? How much does it cost to put gas in a house? Is gas cheaper than electric?
query	219	chardonnay indicate popularity
query	220	eye shadow remove mascara What color lipstick goes with peach eyeshadow? What color goes with peach? What color lipstick goes with peach eyeshadow? What color lipstick goes with green eyes? What color lipstick goes with yellow eyeshadow? What eyeshadow Colours go together? What color lipstick goes with yellow eyeshadow? What lip color is best for blue eyes? What color lipstick goes with yellow eyeshadow? How do you match lipstick with eyeshadow? How much is the sweet peach palette? What is the best eyeshadow palette? How much is the sweet peach palette? Is too faced cruelty free? How much is the sweet peach palette? How do you apply eyeshadow?
query	221	eyelash extensions put on fake eyelash How do you apply eyelash extensions step by step? How do you shower with eyelash extensions? How do you apply eyelash extensions step by step? How much should I charge for eyelash extensions? Do eyelash extensions ruin your natural lashes? Can you put mascara on eyelash extensions? Do eyelash extensions ruin your natural lashes? Are lash extensions worth it? Do eyelash extensions ruin your natural lashes? Do eyelashes grow back after extensions? What glue do professionals use for eyelash extensions? Can you swim with eyelash extensions? What glue do professionals use for eyelash extensions? Can you get eyelash extensions if you have no eyelashes? What glue do professionals use for eyelash extensions? How can I make my eyelash extensions last longer? How close should eyelash extensions be applied? Why do my eyelash extensions fall out so fast? How close should eyelash extensions be applied? How much do lash Techs Make? How close should eyelash extensions be applied? Why do my eyelash extensions hurt when I blink?
query	222	lacquer use acrylic paint What does spray lacquer do? Does lacquer make wood waterproof? What does spray lacquer do? Does lacquer seal wood? What is the difference between varnish and lacquer? Is lacquer good for outdoors? What is the difference between varnish and lacquer? Does lacquer turn yellow? What is the difference between varnish and lacquer? What's better lacquer or polyurethane? How long does it take for spray lacquer to dry? How long does lacquer last? How long does it take for spray lacquer to dry? Should I sand between coats of lacquer? How long does it take for spray lacquer to dry? Does lacquer scratch easily? What is the difference between lacquer and polyurethane finish? What is the best lacquer for wood? What is the difference between lacquer and polyurethane finish? Is lacquer thicker than polyurethane? What is the difference between lacquer and polyurethane finish? Can you brush on lacquer?
query	223	lockheed c-5 galaxy make
query	224	mason jar hold tea How do you decorate Mason jars? What to do with empty jars? How do you decorate Mason jars? What can I do with little jars? What should I put in my mason jar? How do you seal a Mason jar? What should I put in my mason jar? Are mason jars airtight? What should I put in my mason jar? Can you reuse jam jar lids? What kind of paint is used on Mason jars? What kind of paint will stick to glass? What kind of paint is used on Mason jars? How do you seal acrylic paint on glass? What kind of paint is used on Mason jars? How do you paint a rustic mason jar? How do you paint Mason jars? Can you spray paint Mason jars? How do you paint Mason jars? How do you paint a Mod Podge Mason jar? How do you paint Mason jars? How do you paint mason jars with acrylic paint?
query	225	refrigerator freeze How often should you clean the inside of your refrigerator? What is the best thing to clean the inside of a refrigerator? How often should you clean the inside of your refrigerator? What is the best cleaner to clean a refrigerator? Can I use Clorox wipes to clean the inside of my fridge? How do you deep clean a refrigerator? Can I use Clorox wipes to clean the inside of my fridge? Can you use bleach to clean a fridge? Can I use Clorox wipes to clean the inside of my fridge? How do I remove yellow stains from my fridge? What's the best way to clean a fridge freezer? How do I keep my fridge clean and fresh? What's the best way to clean a fridge freezer? How do you clean a dirty freezer? What's the best way to clean a fridge freezer? How do you clean a fridge with vinegar and baking soda?
query	226	submarine sandwich look for the recipe 
query	227	volkswagen passat remove the door panel 
query	228	apple cider drink Can I drink apple cider vinegar everyday? How does apple cider vinegar detox your body? Can I drink apple cider vinegar everyday? What are the side effects of drinking apple cider vinegar everyday? How do you drink apple cider vinegar for weight loss? How can I lose tummy fat fast? How do you drink apple cider vinegar for weight loss? Does lemon water slim you down? How do you drink apple cider vinegar for weight loss? What should I drink before bed to lose weight? When should I drink apple cider vinegar? Is it better to drink apple cider vinegar in the morning or at night? When should I drink apple cider vinegar? Can Apple cider vinegar affect kidneys? When should I drink apple cider vinegar? What does apple cider vinegar do to your hair? What does apple cider vinegar do to your body when you drink it? Does apple cider vinegar damage your liver? What does apple cider vinegar do to your body when you drink it? How much water should you drink with apple cider vinegar? What does apple cider vinegar do to your body when you drink it? Can you drink apple cider vinegar on an empty stomach?
query	229	labrador retriever keep
