query	1	have benchmarking care for a labrador retriever taking care of their basic needs giving them the right kind of attention
query	2	take bodybuilding care for a labrador retriever taking care of their basic needs giving them the right kind of attention
query	3	brainstorm brainstorming care for a labrador retriever taking care of their basic needs giving them the right kind of attention
query	4	start chain smoking care for a labrador retriever taking care of their basic needs giving them the right kind of attention
query	5	get funding funding care for a labrador retriever taking care of their basic needs giving them the right kind of attention
query	6	bleach hair back to brown hair coloring care for a labrador retriever taking care of their basic needs giving them the right kind of attention
query	7	stop at the scene of an accident hit and run care for a labrador retriever taking care of their basic needs giving them the right kind of attention
query	8	suggest a foreign language thats easy to learn language acquisition care for a labrador retriever taking care of their basic needs giving them the right kind of attention
query	9	help you come up with possible solutions mediation care for a labrador retriever taking care of their basic needs giving them the right kind of attention
query	10	do any aerobic physical activity pull up care for a labrador retriever taking care of their basic needs giving them the right kind of attention
query	11	know who do the spoof  spoofing attack care for a labrador retriever taking care of their basic needs giving them the right kind of attention
query	12	use on fabric spray painting care for a labrador retriever taking care of their basic needs giving them the right kind of attention
query	13	know japanese recipe ingredient translation translation care for a labrador retriever taking care of their basic needs giving them the right kind of attention
query	14	forget all about my mother care for a labrador retriever taking care of their basic needs giving them the right kind of attention
query	15	remember back to the future care for a labrador retriever taking care of their basic needs giving them the right kind of attention
query	16	love that movie braveheart care for a labrador retriever taking care of their basic needs giving them the right kind of attention
query	17	give fives give me five care for a labrador retriever taking care of their basic needs giving them the right kind of attention
query	18	follow on the road care for a labrador retriever taking care of their basic needs giving them the right kind of attention
query	19	leave our daughter care for a labrador retriever taking care of their basic needs giving them the right kind of attention
query	20	happen run fast care for a labrador retriever taking care of their basic needs giving them the right kind of attention
query	21	prepare for a shakespeare play shakespeares plays care for a labrador retriever taking care of their basic needs giving them the right kind of attention
query	22	choose showtime care for a labrador retriever taking care of their basic needs giving them the right kind of attention
query	23	abandon so young care for a labrador retriever taking care of their basic needs giving them the right kind of attention
query	24	obsess striptease care for a labrador retriever taking care of their basic needs giving them the right kind of attention
query	25	forget take on me care for a labrador retriever taking care of their basic needs giving them the right kind of attention
query	26	come terms of endearment care for a labrador retriever taking care of their basic needs giving them the right kind of attention
query	27	watch the devil wears prada the devil wears prada care for a labrador retriever taking care of their basic needs giving them the right kind of attention
query	28	watch full episode of robot chicken the wizard of oz care for a labrador retriever taking care of their basic needs giving them the right kind of attention
query	29	watch movie with english subtitle the incredible hulk care for a labrador retriever taking care of their basic needs giving them the right kind of attention
query	30	make love with a girl the paper care for a labrador retriever taking care of their basic needs giving them the right kind of attention
query	31	reclaim the pyramid care for a labrador retriever taking care of their basic needs giving them the right kind of attention
query	32	see the spirits of people who have died the sixth sense care for a labrador retriever taking care of their basic needs giving them the right kind of attention
query	33	meet a good woman the tall man care for a labrador retriever taking care of their basic needs giving them the right kind of attention
query	34	lose today care for a labrador retriever taking care of their basic needs giving them the right kind of attention
query	35	make trust trust me care for a labrador retriever taking care of their basic needs giving them the right kind of attention
query	36	watch porco rosso ( 1992 ) porco rosso care for a labrador retriever taking care of their basic needs giving them the right kind of attention
query	37	love the colors of prom prom night care for a labrador retriever taking care of their basic needs giving them the right kind of attention
query	38	find the name of a song  knowing care for a labrador retriever taking care of their basic needs giving them the right kind of attention
query	39	see krrish care for a labrador retriever taking care of their basic needs giving them the right kind of attention
query	40	win emmy law & order: special victims unit care for a labrador retriever taking care of their basic needs giving them the right kind of attention
query	41	release on dvd lost season 3 care for a labrador retriever taking care of their basic needs giving them the right kind of attention
query	42	watch this video mary poppins care for a labrador retriever taking care of their basic needs giving them the right kind of attention
query	43	give baby shower care for a labrador retriever taking care of their basic needs giving them the right kind of attention
query	44	happen chernobyl disaster care for a labrador retriever taking care of their basic needs giving them the right kind of attention
query	45	become a f1 driver formula one care for a labrador retriever taking care of their basic needs giving them the right kind of attention
query	46	attend ceremony graduation care for a labrador retriever taking care of their basic needs giving them the right kind of attention
query	47	recommend honeymoon care for a labrador retriever taking care of their basic needs giving them the right kind of attention
query	48	apply for citizenship immigration care for a labrador retriever taking care of their basic needs giving them the right kind of attention
query	49	issue indictment islamic terrorism care for a labrador retriever taking care of their basic needs giving them the right kind of attention
query	50	raise dollars live aid care for a labrador retriever taking care of their basic needs giving them the right kind of attention
query	51	believe the exodus care for a labrador retriever taking care of their basic needs giving them the right kind of attention
query	52	win world war ii care for a labrador retriever taking care of their basic needs giving them the right kind of attention
query	53	pevent flood care for a labrador retriever taking care of their basic needs giving them the right kind of attention
query	54	create an anti gravity propulsion system anti-gravity care for a labrador retriever taking care of their basic needs giving them the right kind of attention
query	55	embed a sound in a html page html care for a labrador retriever taking care of their basic needs giving them the right kind of attention
query	56	debug php care for a labrador retriever taking care of their basic needs giving them the right kind of attention
query	57	teach english grammar care for a labrador retriever taking care of their basic needs giving them the right kind of attention
query	58	apply free education care for a labrador retriever taking care of their basic needs giving them the right kind of attention
query	59	get job satisfaction care for a labrador retriever taking care of their basic needs giving them the right kind of attention
query	60	say belief care for a labrador retriever taking care of their basic needs giving them the right kind of attention
query	61	teach tagalog language care for a labrador retriever taking care of their basic needs giving them the right kind of attention
query	62	support environmentalism and climate change awareness environmentalism care for a labrador retriever taking care of their basic needs giving them the right kind of attention
query	63	write the bibliography bibliography care for a labrador retriever taking care of their basic needs giving them the right kind of attention
query	64	send email box care for a labrador retriever taking care of their basic needs giving them the right kind of attention
query	65	prepare google maps care for a labrador retriever taking care of their basic needs giving them the right kind of attention
query	66	receive property insurance care for a labrador retriever taking care of their basic needs giving them the right kind of attention
query	67	use voip phone care for a labrador retriever taking care of their basic needs giving them the right kind of attention
query	68	allow separation of church and state care for a labrador retriever taking care of their basic needs giving them the right kind of attention
query	69	pass indian institute of technology joint entrance examination care for a labrador retriever taking care of their basic needs giving them the right kind of attention
query	70	watch history of television care for a labrador retriever taking care of their basic needs giving them the right kind of attention
query	71	work acupuncture care for a labrador retriever taking care of their basic needs giving them the right kind of attention
query	72	improve apgar score care for a labrador retriever taking care of their basic needs giving them the right kind of attention
query	73	relieve asthma care for a labrador retriever taking care of their basic needs giving them the right kind of attention
query	74	treat back pain care for a labrador retriever taking care of their basic needs giving them the right kind of attention
query	75	develop brain care for a labrador retriever taking care of their basic needs giving them the right kind of attention
query	76	suffer carpal tunnel syndrome care for a labrador retriever taking care of their basic needs giving them the right kind of attention
query	77	identify dna care for a labrador retriever taking care of their basic needs giving them the right kind of attention
query	78	diagnose hepatitis c care for a labrador retriever taking care of their basic needs giving them the right kind of attention
query	79	cause insomnia care for a labrador retriever taking care of their basic needs giving them the right kind of attention
query	80	donate kidney care for a labrador retriever taking care of their basic needs giving them the right kind of attention
query	81	increase naproxen care for a labrador retriever taking care of their basic needs giving them the right kind of attention
query	82	break pubis care for a labrador retriever taking care of their basic needs giving them the right kind of attention
query	83	evaluate respiratory system care for a labrador retriever taking care of their basic needs giving them the right kind of attention
query	84	boost self-esteem care for a labrador retriever taking care of their basic needs giving them the right kind of attention
query	85	cause shock care for a labrador retriever taking care of their basic needs giving them the right kind of attention
query	86	care skin care for a labrador retriever taking care of their basic needs giving them the right kind of attention
query	87	overcome speech disorder care for a labrador retriever taking care of their basic needs giving them the right kind of attention
query	88	reduce spinal muscular atrophy care for a labrador retriever taking care of their basic needs giving them the right kind of attention
query	89	increase testosterone care for a labrador retriever taking care of their basic needs giving them the right kind of attention
query	90	produce thyroid hormone care for a labrador retriever taking care of their basic needs giving them the right kind of attention
query	91	stop trichinosis care for a labrador retriever taking care of their basic needs giving them the right kind of attention
query	92	prevent urinary incontinence care for a labrador retriever taking care of their basic needs giving them the right kind of attention
query	93	donate blood type care for a labrador retriever taking care of their basic needs giving them the right kind of attention
query	94	wear adidas care for a labrador retriever taking care of their basic needs giving them the right kind of attention
query	95	use aol care for a labrador retriever taking care of their basic needs giving them the right kind of attention
query	96	drink bacardi care for a labrador retriever taking care of their basic needs giving them the right kind of attention
query	97	sell big oil care for a labrador retriever taking care of their basic needs giving them the right kind of attention
query	98	own bp care for a labrador retriever taking care of their basic needs giving them the right kind of attention
query	99	play carolina panthers care for a labrador retriever taking care of their basic needs giving them the right kind of attention
query	100	win chicago white sox care for a labrador retriever taking care of their basic needs giving them the right kind of attention
query	101	watch espn care for a labrador retriever taking care of their basic needs giving them the right kind of attention
query	102	call fedex care for a labrador retriever taking care of their basic needs giving them the right kind of attention
query	103	watch fifa care for a labrador retriever taking care of their basic needs giving them the right kind of attention
query	104	sell ford motor company care for a labrador retriever taking care of their basic needs giving them the right kind of attention
query	105	join ibm care for a labrador retriever taking care of their basic needs giving them the right kind of attention
query	106	build isuzu motors care for a labrador retriever taking care of their basic needs giving them the right kind of attention
query	107	support liberal party of canada care for a labrador retriever taking care of their basic needs giving them the right kind of attention
query	108	join little league baseball care for a labrador retriever taking care of their basic needs giving them the right kind of attention
query	109	win los angeles lakers care for a labrador retriever taking care of their basic needs giving them the right kind of attention
query	110	announce retirement major league baseball care for a labrador retriever taking care of their basic needs giving them the right kind of attention
query	111	perform ballad maroon 5 care for a labrador retriever taking care of their basic needs giving them the right kind of attention
query	112	buy makeup maybelline care for a labrador retriever taking care of their basic needs giving them the right kind of attention
query	113	win the championship miami heat care for a labrador retriever taking care of their basic needs giving them the right kind of attention
query	114	unlock motorola c975 motorola care for a labrador retriever taking care of their basic needs giving them the right kind of attention
query	115	take complaint nvidia care for a labrador retriever taking care of their basic needs giving them the right kind of attention
query	116	treat animals people for the ethical treatment of animals care for a labrador retriever taking care of their basic needs giving them the right kind of attention
query	117	win tournament pga tour care for a labrador retriever taking care of their basic needs giving them the right kind of attention
query	118	operate route singapore airlines care for a labrador retriever taking care of their basic needs giving them the right kind of attention
query	119	get insurance tiscali care for a labrador retriever taking care of their basic needs giving them the right kind of attention
query	120	extend visa visa inc. care for a labrador retriever taking care of their basic needs giving them the right kind of attention
query	121	apply for a job walmart care for a labrador retriever taking care of their basic needs giving them the right kind of attention
query	122	apply for a job  university of houston care for a labrador retriever taking care of their basic needs giving them the right kind of attention
query	123	work lawyer abraham lincoln care for a labrador retriever taking care of their basic needs giving them the right kind of attention
query	124	pass a turing test alan turing care for a labrador retriever taking care of their basic needs giving them the right kind of attention
query	125	discover secrets aristotle care for a labrador retriever taking care of their basic needs giving them the right kind of attention
query	126	study relationship barbie hsu care for a labrador retriever taking care of their basic needs giving them the right kind of attention
query	127	play villain batman care for a labrador retriever taking care of their basic needs giving them the right kind of attention
query	128	idolise family british royal family care for a labrador retriever taking care of their basic needs giving them the right kind of attention
query	129	sings jazz diana ross care for a labrador retriever taking care of their basic needs giving them the right kind of attention
query	130	provide scoring jason kidd care for a labrador retriever taking care of their basic needs giving them the right kind of attention
query	131	splits  jean-claude van damme care for a labrador retriever taking care of their basic needs giving them the right kind of attention
query	132	died on a tree jesus care for a labrador retriever taking care of their basic needs giving them the right kind of attention
query	133	listen  johann sebastian bach care for a labrador retriever taking care of their basic needs giving them the right kind of attention
query	134	watch premiere kathy griffin care for a labrador retriever taking care of their basic needs giving them the right kind of attention
query	135	left money luther vandross care for a labrador retriever taking care of their basic needs giving them the right kind of attention
query	136	visit pope pope benedict xvi care for a labrador retriever taking care of their basic needs giving them the right kind of attention
query	137	become man prince charming care for a labrador retriever taking care of their basic needs giving them the right kind of attention
query	138	win season roger federer care for a labrador retriever taking care of their basic needs giving them the right kind of attention
query	139	find hidden talent samuel beckett care for a labrador retriever taking care of their basic needs giving them the right kind of attention
query	140	beat niculescu serena williams care for a labrador retriever taking care of their basic needs giving them the right kind of attention
query	141	sing music tink care for a labrador retriever taking care of their basic needs giving them the right kind of attention
query	142	live with passion tony robbins care for a labrador retriever taking care of their basic needs giving them the right kind of attention
query	143	become warming vin diesel care for a labrador retriever taking care of their basic needs giving them the right kind of attention
query	144	hold mesino acapulco care for a labrador retriever taking care of their basic needs giving them the right kind of attention
query	145	take crudes angola care for a labrador retriever taking care of their basic needs giving them the right kind of attention
query	146	establish welfare british columbia care for a labrador retriever taking care of their basic needs giving them the right kind of attention
query	147	fire naphtha chennai care for a labrador retriever taking care of their basic needs giving them the right kind of attention
query	148	buy a beginner drum set cincinnati care for a labrador retriever taking care of their basic needs giving them the right kind of attention
query	149	provide meals dormitory care for a labrador retriever taking care of their basic needs giving them the right kind of attention
query	150	visit egypt care for a labrador retriever taking care of their basic needs giving them the right kind of attention
query	151	build egyptian pyramids care for a labrador retriever taking care of their basic needs giving them the right kind of attention
query	152	go finland care for a labrador retriever taking care of their basic needs giving them the right kind of attention
query	153	look for a job  glasgow care for a labrador retriever taking care of their basic needs giving them the right kind of attention
query	154	live in greece greece care for a labrador retriever taking care of their basic needs giving them the right kind of attention
query	155	use wireless hawaii care for a labrador retriever taking care of their basic needs giving them the right kind of attention
query	156	go on a trek himalayas care for a labrador retriever taking care of their basic needs giving them the right kind of attention
query	157	discuss iran threat iran care for a labrador retriever taking care of their basic needs giving them the right kind of attention
query	158	locate kansas city care for a labrador retriever taking care of their basic needs giving them the right kind of attention
query	159	get into a bar in kelowna kelowna care for a labrador retriever taking care of their basic needs giving them the right kind of attention
query	160	  kings island care for a labrador retriever taking care of their basic needs giving them the right kind of attention
query	161	reach lake lake of the ozarks care for a labrador retriever taking care of their basic needs giving them the right kind of attention
query	162	migrate melbourne care for a labrador retriever taking care of their basic needs giving them the right kind of attention
query	163	compare to other african city mombasa care for a labrador retriever taking care of their basic needs giving them the right kind of attention
query	164	climb mount everest care for a labrador retriever taking care of their basic needs giving them the right kind of attention
query	165	see local laws and customs north korea care for a labrador retriever taking care of their basic needs giving them the right kind of attention
query	166	stay at the carlton hotel prague prague care for a labrador retriever taking care of their basic needs giving them the right kind of attention
query	167	book vacation punta cana care for a labrador retriever taking care of their basic needs giving them the right kind of attention
query	168	find rocky mountains care for a labrador retriever taking care of their basic needs giving them the right kind of attention
query	169	leave san francisco international airport care for a labrador retriever taking care of their basic needs giving them the right kind of attention
query	170	drive a car saudi arabia care for a labrador retriever taking care of their basic needs giving them the right kind of attention
query	171	develop south india care for a labrador retriever taking care of their basic needs giving them the right kind of attention
query	172	get a greencard sudan care for a labrador retriever taking care of their basic needs giving them the right kind of attention
query	173	get some scenic views over tehran tehran care for a labrador retriever taking care of their basic needs giving them the right kind of attention
query	174	performs live in times square times square care for a labrador retriever taking care of their basic needs giving them the right kind of attention
query	175	visit trinidad tobago from nigeria trinidad and tobago care for a labrador retriever taking care of their basic needs giving them the right kind of attention
query	176	take deliveries west indies care for a labrador retriever taking care of their basic needs giving them the right kind of attention
query	177	make lager care for a labrador retriever taking care of their basic needs giving them the right kind of attention
query	178	have pretzel care for a labrador retriever taking care of their basic needs giving them the right kind of attention
query	179	cook beetroot care for a labrador retriever taking care of their basic needs giving them the right kind of attention
query	180	produce boric acid care for a labrador retriever taking care of their basic needs giving them the right kind of attention
query	181	make pancake buttermilk care for a labrador retriever taking care of their basic needs giving them the right kind of attention
query	182	play chess on internet  chess care for a labrador retriever taking care of their basic needs giving them the right kind of attention
query	183	fix chrysler neon care for a labrador retriever taking care of their basic needs giving them the right kind of attention
query	184	take clenbuterol care for a labrador retriever taking care of their basic needs giving them the right kind of attention
query	185	clean copper pan copper care for a labrador retriever taking care of their basic needs giving them the right kind of attention
query	186	buy raw milk product dairy product care for a labrador retriever taking care of their basic needs giving them the right kind of attention
query	187	drink diet coke care for a labrador retriever taking care of their basic needs giving them the right kind of attention
query	188	drink diet soda if have diabetes diet drink care for a labrador retriever taking care of their basic needs giving them the right kind of attention
query	189	switch off ethernet hub care for a labrador retriever taking care of their basic needs giving them the right kind of attention
query	190	buy ford aerostar care for a labrador retriever taking care of their basic needs giving them the right kind of attention
query	191	play french horn care for a labrador retriever taking care of their basic needs giving them the right kind of attention
query	192	drive a manual transmission gear stick care for a labrador retriever taking care of their basic needs giving them the right kind of attention
query	193	refrigerate goat meat care for a labrador retriever taking care of their basic needs giving them the right kind of attention
query	194	recommend guitar amplifier care for a labrador retriever taking care of their basic needs giving them the right kind of attention
query	195	use hair dryer care for a labrador retriever taking care of their basic needs giving them the right kind of attention
query	196	sell handbag care for a labrador retriever taking care of their basic needs giving them the right kind of attention
query	197	connect to the computer hard disk drive care for a labrador retriever taking care of their basic needs giving them the right kind of attention
query	198	hear baby s heartbeat heart rate monitor care for a labrador retriever taking care of their basic needs giving them the right kind of attention
query	199	download hollywood video care for a labrador retriever taking care of their basic needs giving them the right kind of attention
query	200	build hybrid vehicle care for a labrador retriever taking care of their basic needs giving them the right kind of attention
query	201	recognize by xp computer imac care for a labrador retriever taking care of their basic needs giving them the right kind of attention
query	202	rent a jet ski jet ski care for a labrador retriever taking care of their basic needs giving them the right kind of attention
query	203	wash laundry detergent care for a labrador retriever taking care of their basic needs giving them the right kind of attention
query	204	drive lincoln town car care for a labrador retriever taking care of their basic needs giving them the right kind of attention
query	205	upgrade macbook pro care for a labrador retriever taking care of their basic needs giving them the right kind of attention
query	206	get a large jar marmite care for a labrador retriever taking care of their basic needs giving them the right kind of attention
query	207	make mentos react with coke mentos care for a labrador retriever taking care of their basic needs giving them the right kind of attention
query	208	know metal gear solid care for a labrador retriever taking care of their basic needs giving them the right kind of attention
query	209	make dessert nutella care for a labrador retriever taking care of their basic needs giving them the right kind of attention
query	210	have a golden pocket watch pocket watch care for a labrador retriever taking care of their basic needs giving them the right kind of attention
query	211	make faster porsche 911 care for a labrador retriever taking care of their basic needs giving them the right kind of attention
query	212	install replacement window care for a labrador retriever taking care of their basic needs giving them the right kind of attention
query	213	cut stained glass care for a labrador retriever taking care of their basic needs giving them the right kind of attention
query	214	recharge automotive battery care for a labrador retriever taking care of their basic needs giving them the right kind of attention
query	215	bake banana bread care for a labrador retriever taking care of their basic needs giving them the right kind of attention
query	216	serve barbecue sauce care for a labrador retriever taking care of their basic needs giving them the right kind of attention
query	217	buy a dvd camcorder camcorder care for a labrador retriever taking care of their basic needs giving them the right kind of attention
query	218	replace central heating care for a labrador retriever taking care of their basic needs giving them the right kind of attention
query	219	indicate popularity chardonnay care for a labrador retriever taking care of their basic needs giving them the right kind of attention
query	220	remove mascara eye shadow care for a labrador retriever taking care of their basic needs giving them the right kind of attention
query	221	put on fake eyelash eyelash extensions care for a labrador retriever taking care of their basic needs giving them the right kind of attention
query	222	use acrylic paint lacquer care for a labrador retriever taking care of their basic needs giving them the right kind of attention
query	223	make lockheed c-5 galaxy care for a labrador retriever taking care of their basic needs giving them the right kind of attention
query	224	hold tea mason jar care for a labrador retriever taking care of their basic needs giving them the right kind of attention
query	225	freeze refrigerator care for a labrador retriever taking care of their basic needs giving them the right kind of attention
query	226	look for the recipe  submarine sandwich care for a labrador retriever taking care of their basic needs giving them the right kind of attention
query	227	remove the door panel  volkswagen passat care for a labrador retriever taking care of their basic needs giving them the right kind of attention
query	228	drink apple cider care for a labrador retriever taking care of their basic needs giving them the right kind of attention
query	229	keep labrador retriever care for a labrador retriever taking care of their basic needs giving them the right kind of attention
