query	1	benchmarking use fraps how long fraps record how i turn fraps fps counter what codec fraps use does fraps watermark how much fraps cost what better fraps how much fraps cost is fraps good recording games how much fraps cost how check fps how i record screen fraps can fraps record desktop windows 10 how i record screen fraps how screen record how i record screen fraps how i record desktop
query	2	take bodybuilding begin bodybuilding when start bodybuilding what age muscle growth stop what best beginner bodybuilding workout what diet taken gym what best beginner bodybuilding workout what best diet gym what best beginner bodybuilding workout what diet gym person can i become bodybuilder 30 can build muscle 35 can i become bodybuilder 30 is harder gain muscle age can i become bodybuilder 30 can get six pack 30s can i start bodybuilding 40 how long take bodybuilder can i start bodybuilding 40 what best bodybuilding app can i start bodybuilding 40 how increase muscle size
query	3	brainstorm brainstorming brainstorm small business ideas how get innovative business ideas what good startup ideas how narrow business idea what business idea how narrow business idea how identify business idea how narrow business idea how i find new businesses how develop business idea what 6 stages business how develop business idea what 3 main purposes business plan how develop business idea how generate ideas
query	4	start chain smoking smoke e cigarette what e cigarette what side effects e cigarettes is e cig smoke harmful others is passive smoke worse smoking is e cig smoke harmful others do e cigarettes cause 3rd hand smoke is e cig smoke harmful others does vaping cause 2nd hand smoke is vaping smoking is better vape smoke is vaping smoking how many puffs vape equal cigarette is vaping smoking is nicotine free vaping safe is e cigarettes better regular cigarettes what best e cigarette is e cigarettes better regular cigarettes what happens stop smoking start vaping is e cigarettes better regular cigarettes what difference e cig cigarette
query	5	get funding funding apply legal funding
query	6	bleach hair back brown hair coloring get blonde hair dark brown how long take go dark brown blonde how long take lighten hair lemon can go brown blonde will box dye lighten hair can go brown blonde how i make hair blonder can go brown blonde what hair color attractive guys can go dark hair blonde one sitting how many levels lighten hair one session can go dark hair blonde one sitting does going blonde ruin hair can go dark hair blonde one sitting how i naturally lighten hair can i dye hair blonde without bleach can lemon juice lighten hair can i dye hair blonde without bleach how dye hair lemon juice can i dye hair blonde without bleach how long leave hydrogen peroxide hair
query	7	stop scene accident hit run deal minor car accident
query	8	suggest foreign language thats easy learn language acquisition teach adults foreign language can adults become fluent another language can learn language 3 months how teach foreign language how i become foreign language teacher how teach foreign language how i learn language how teach foreign language how i teach english second language how teach language beginners how i start writing english how teach language beginners what best way teach english how teach language beginners how i teach spoken english classes is easier adults learn new language what hardest language learn is easier adults learn new language can learn language sleep is easier adults learn new language what easiest languages learn
query	9	help come possible solutions mediation mediate dispute
query	10	aerobic physical activity pull improve study routine exercise is better workout studying does exercise improve concentration can exercise help studying what exercise best brain can exercise help studying how i sharpen memory skills can exercise help studying how i improve memory concentration can exercise really make brain work better how i improve cognitive thinking how i stay fit studying how keep shape how i stay fit studying how i stay fit how i stay fit studying how i exercise study
query	11	know spoof spoofing attack make funny movie spoof
query	12	use fabric spray painting paint shirt what kind paint use shirt what best paint fabric can use acrylic paint shirt can i use acrylic paint fabric without medium can use acrylic paint shirt will acrylic paint come clothes can use acrylic paint shirt is fabric paint different acrylic can i spray paint shirt does spray paint stay fabric can i spray paint shirt can spray painted shirts washed can i spray paint shirt is spray paint fabric how get paint stay clothes will acrylic paint stay jeans how get paint stay clothes is acrylic paint waterproof how get paint stay clothes does acrylic paint stay shoes
query	13	know japanese recipe ingredient translation translation learn japanese words what cool japanese words what nani mean japanese is hard learn japanese can learn japanese 3 months is hard learn japanese do japanese speak english is hard learn japanese how r pronounced japanese what common words japanese what os mean japanese what common words japanese what used japanese what common words japanese how say goodnight japanese how say common phrases japanese what japanese say eating how say common phrases japanese what itadakimasu how say common phrases japanese how say simple phrases japanese
query	14	forget mother raise girl single father why fathers important daughters what called daughter love father how father treat daughter what fatherless daughter syndrome how father treat daughter what daddy little girl mean how father treat daughter what father daughter quotes how i improve father daughter relationship what fathers teach daughters how i improve father daughter relationship what dads daughters together how i improve father daughter relationship how make dad happy how i good father what defines good father how i good father what true father how i good father what father role parenting
query	15	remember back future gaze future
query	16	love movie braveheart hardcore dance
query	17	give fives give five play yahtzee how i play yahtzee what odds hitting yahtzee can play yahtzee online why called yahtzee can play yahtzee online how play yahtzee free can play yahtzee online how many dice need play yahtzee what yahtzee yahtzee game what highest yahtzee score ever recorded what yahtzee yahtzee game can 5 kind full house yahtzee what yahtzee yahtzee game do get extra turn get yahtzee bonus what word yahtzee mean english what makes full house yahtzee what word yahtzee mean english what chips yahtzee what word yahtzee mean english what average yahtzee score
query	18	follow road hike wauna point oregon
query	19	leave daughter get daughter ask how get kids ask how i get child good how i get child talk feelings how i help child emotions how i get child talk feelings how encourage children express verbally how i get child talk feelings how calm child how i get child listen first time what happens yell child how i get child listen first time how discipline child listen how i get child listen first time how talk kids listen how get tween open how i connect teenage daughter how get tween open how start conversation teenager how get tween open how motivate teenager
query	20	happen run fast protect stranger kids
query	21	prepare shakespeare play shakespeares plays read shakespeare beginners what easiest shakespeare play read which shakespeare play performed what considered best shakespeare play what 4 types shakespeare plays what considered best shakespeare play what performed play time what considered best shakespeare play why shakespeare popular what first shakespeare play performed is romeo juliet true story what first shakespeare play performed what words shakespeare invent what first shakespeare play performed who made first play how understand shakespearean language how say i shakespearean how understand shakespearean language is shakespeare difficult understand how understand shakespearean language what shakespeare saying to be not to be
query	22	choose showtime reverse family roles sims
query	23	abandon young tell child adopted how tell child adopted at age child told adopted should tell adopted child can birth mother reclaim adopted child should tell adopted child is age limit adoptive parents should tell adopted child can i put adoption what adopted child syndrome what negative effects adoption what adopted child syndrome what percentage serial killers adopted what adopted child syndrome what disadvantages adoption how adoption affect child why children get adopted how adoption affect child is adoption trauma how adoption affect child what positive effects adoption
query	24	obsess striptease perform striptease
query	25	forget take purposefully forget things how erase things memory why repress memories can train brain forget how do i stop overthinking can train brain forget what think think paradigm can train brain forget how get amnesia is drug erase memory what drugs make forget things is drug erase memory what drug makes forget is drug erase memory does propranolol erase memories can brain suppress bad memories what symptoms repressed memories can brain suppress bad memories what part brain holds bad memories can brain suppress bad memories why i remember things
query	26	come terms endearment say love french german italian
query	27	watch devil wears prada devil wears prada relaxing day plan well
query	28	watch full episode robot chicken wizard oz watch movies using telnet how use telnet what purpose telnet how i telnet port how i test port open how i telnet port how i tell ftp port open how i telnet port can i ping port what telnet ssh what difference ssh ssl what telnet ssh what difference telnet ftp what telnet ssh what ssh used how i telnet port windows 10 how i open port how i telnet port windows 10 what telnet commands how i telnet port windows 10 how i quit telnet
query	29	watch movie english subtitle incredible hulk watch full episode robot chicken wizard oz watch movies using telnet
query	30	make love girl paper tell emo girl love
query	31	reclaim pyramid build pyramid school how make model pyramid how many pyramids how make school pyramid cardboard what inside pyramid how make school pyramid cardboard who built pyramids how make school pyramid cardboard why pyramids built what pyramid school what pyramids mean what pyramid school why pyramids shaped triangle what pyramid school what true pyramids how make pyramid paper how fold piece paper triangle how make pyramid paper what different types pyramids how make pyramid paper how make cone paper
query	32	see spirits people died sixth sense catch ghosts
query	33	meet good woman tall man shag dance what shag dance what balboa swing dance what lindy hop dance is lindy hop swing what lindy hop dance is lindy hop swing what lindy hop dance why called lindy hop where swing dance what different types swing dancing where swing dance who created swing dancing where swing dance what dance popular 40s
query	34	lose today improve
query	35	make trust trust trust boyfriend what trust relationship does trust mean love how get trust issues can relationship last without trust how get trust issues what signs trust issues how get trust issues what pistanthrophobia how fully trust relationship how i know i good relationship how fully trust relationship how rebuild trust how fully trust relationship do i trust issues can love someone trust will cheater change can love someone trust how i make bf miss can love someone trust how i make boyfriend trust
query	36	watch porco rosso 1992 porco rosso find heart containers link worlds how many hearts link worlds how get boss turtle rock where get bottles link worlds what mysterious man selling 888 rupees where get bottles link worlds how get net link worlds where get bottles link worlds how many dungeons link worlds how get red tunic link worlds how i get goron tunic how get red tunic link worlds how many bottles get link worlds how get red tunic link worlds how upgrade master sword link worlds how get pegasus boots link worlds where shady guy go how get pegasus boots link worlds where thieves hideout link worlds how get pegasus boots link worlds how get hylian shield link worlds
query	37	love colors prom prom night prepare eighth grade prom what i wear 8th grade prom what i wear 7th grade dance what i wear 8th grade dance what 8th grader called what i wear 8th grade dance what boys wear 8th grade graduation what i wear 8th grade dance what boy wear middle school dance what formal 8th grade can go prom 9th grade what formal 8th grade what grades u prom what formal 8th grade what middle school dances called what girls wear 8th grade graduation what wear middle school graduation what girls wear 8th grade graduation what wear school formal what girls wear 8th grade graduation what wear graduation
query	38	find name song knowing become band fanatic
query	39	see krrish learn hindi is hindi difficult learn is russian harder chinese how long take speak hindi fluently which hardest language india how long take speak hindi fluently which easiest language india how long take speak hindi fluently can speak hindi google is sanskrit easy learn what country uses sanskrit is sanskrit easy learn how many letters sanskrit alphabet is sanskrit easy learn which language nearest sanskrit what difference hindi hindustani which oldest language world what difference hindi hindustani can hindi speakers understand urdu what difference hindi hindustani is punjabi older hindi
query	40	win emmy law order special victims unit evict tenant illinois how long take evict tenant illinois can evict tenant without going court what eviction law illinois how much notice landlord give tenant move illinois what eviction law illinois can evicted winter illinois what eviction law illinois does illinois squatter rights can landlord kick illinois how much cost evict tenant illinois can landlord kick illinois can landlord enter without permission illinois can landlord kick illinois how evict someone lease can landlord evict without court order illinois do tenants rights without lease can landlord evict without court order illinois can landlord kick can landlord evict without court order illinois can tenants rent rooms
query	41	release dvd lost season 3 watch walking dead season 3 is walking dead season 10 what happened maggie walking dead will the walking dead season 9 netflix what happened rick grimes will the walking dead season 9 netflix can i watch walking dead hulu will the walking dead season 9 netflix does negan die season 9 is walking dead netflix uk can watch walking dead amazon prime is walking dead netflix uk can i watch walking dead season 8 amazon prime is walking dead netflix uk is the walking dead season 8 netflix is season 1 the walking dead netflix how virus walking dead start is season 1 the walking dead netflix is the walking dead number one show is season 1 the walking dead netflix how i get netflix usa australia
query	42	watch video mary poppins look sick teddy bear how take care sick teddy bear do get free build bear birthday how take care bear do bears like pet how take care bear how much cost feed bear how take care bear what bears captivity eat how wash teddy bear how sanitize stuffed animals how wash teddy bear how clean big teddy bears how wash teddy bear can tumble dry teddy bears can i machine wash build bear how clean stuffed animals freezer can i machine wash build bear how clean build bear stuffed animals can i machine wash build bear can return stuffed build bear
query	43	give baby shower throw baby shower how celebrate baby shower who pay baby shower can i throw baby shower do open gifts baby shower can i throw baby shower are baby showers held saturday sunday can i throw baby shower how many hours baby showers last what baby shower function what kind food serve baby shower what baby shower function how dress baby shower what baby shower function what instead baby shower games
query	44	happen chernobyl disaster infiltrate area what mean infiltrate something what infiltrates lungs mean what early sign infiltration what happens infiltrate vein what early sign infiltration is iv infiltration malpractice what early sign infiltration what four signs symptoms phlebitis how treat infiltrated iv site what difference iv infiltration extravasation how treat infiltrated iv site what extravasation vs infiltration how treat infiltrated iv site what treatment extravasation how infiltration occur what infiltration rates how infiltration occur what importance infiltration how infiltration occur what infiltration occurs
query	45	become f1 driver formula one become f1 driver what take become f1 driver who youngest driver f1 how i become race car driver do nascar drivers pee how i become race car driver how i start racing how i become race car driver how much money nascar driver make do f3 drivers get paid do drivers pay drive f1 do f3 drivers get paid is female f1 drivers do f3 drivers get paid how much money top fuel driver make why f1 drivers need fit do f1 drivers wear diapers why f1 drivers need fit do f1 drivers use feet why f1 drivers need fit are f1 drivers fittest athletes
query	46	attend ceremony graduation accept diploma
query	47	recommend honeymoon plan honeymoon how much average honeymoon how many days honeymoon how long wedding go honeymoon can honeymoon wedding how long wedding go honeymoon why call honeymoon how long wedding go honeymoon what mean honeymoon what purpose honeymoon what first night what purpose honeymoon what i wear honeymoon night what purpose honeymoon how celebrate honeymoon how i plan honeymoon budget which romantic place honeymoon how i plan honeymoon budget which honeymoon package best how i plan honeymoon budget how people afford honeymoon
query	48	apply citizenship immigration get funding funding apply legal funding can i get legal aid family court can i get lawyer free can i get legal aid family court how long take apply legal aid can i get legal aid family court can i get free solicitor does legal aid paid back who pays divorce costs does legal aid paid back how i get divorce i money does legal aid paid back do pay legal fees lose how i get free legal advice how i get pro bono lawyer how i get free legal advice how pro bono lawyers make money how i get free legal advice what free lawyers called
query	49	issue indictment islamic terrorism open criminal file new york state how i seal criminal record ny how much cost seal record how much background check ny how long ny state background check take how much background check ny can check criminal record how much background check ny how i see criminal record are court records available public are criminal records public information are court records available public how i find court records online are court records available public are federal court cases open public how long felony stay record ny will 20 year old felony show background check how long felony stay record ny how long felony stay record michigan how long felony stay record ny how long felony stay record ohio
query	50	raise dollars live aid afford culinary school how much culinary school cost how much chef makes hour are culinary schools worth what highest culinary degree are culinary schools worth how much cooks get paid are culinary schools worth how much cruise ship chefs make can i get financial aid culinary school do culinary schools give scholarships can i get financial aid culinary school what best culinary school world can i get financial aid culinary school does le cordon bleu offer financial aid is culinary school hard how much top chefs make is culinary school hard what sous chef salary is culinary school hard how much sous chef make per hour
query	51	believe exodus teach avoid dangers fake faith healers
query	52	win world war ii learn world war ii
query	53	pevent flood buy flood insurance where i purchase flood insurance does flood cover mold how much cost flood insurance is ae flood zone bad how much cost flood insurance what best flood insurance how much cost flood insurance what base flood elevation zone ae can buy flood insurance flood zone which flood zones require mandatory flood insurance can buy flood insurance flood zone is flood insurance required 500 year floodplain can buy flood insurance flood zone should get flood insurance flood zone do i need buy flood insurance who required purchase flood insurance do i need buy flood insurance can forced buy flood insurance do i need buy flood insurance what covered flood insurance policy
query	54	create anti gravity propulsion system anti gravity calculate tension physics what tension force physics what force examples how find tension pulley system can tension negative how find tension pulley system what pulley physics how find tension pulley system how net force calculated what tension string what tension biology what tension string what tension force example what tension string does massless string tension what examples tension what tension writing what examples tension what tension literature what examples tension what compression force
query	55	embed sound html page html add fun games web site free how i add games website how i add miniclip games website how i add games google site what unblocked game websites how i add games google site can people comment google sites how i add games google site how i embed google form html
query	56	debug php make coding fun how i make learning coding fun do need math skills coding is coding boring job are programmers rich is coding boring job what coders day is coding boring job how long coding take learn is coding really hard does coding make smarter is coding really hard how master coding is coding really hard what jobs get coding why coding interesting is 30 old learn programming why coding interesting is html considered coding why coding interesting how much html coders make
query	57	teach english grammar learn english non native speaker how i improve english speaking non native speakers how refine english how communicate non native english speaker how travel know language how communicate non native english speaker how communicate foreigner how communicate non native english speaker how i communicate others english how i become native english speaker how speak english fluently step step how i become native english speaker what difference fluent native how i become native english speaker how i learn spoken english quickly what non native speaker what native english speaker what non native speaker what difference native speakers non native speakers what non native speaker can native speaker two languages
query	58	apply free education find go online class
query	59	get job satisfaction increase job satisfaction how job satisfaction improved what concept job satisfaction what factors influence job satisfaction what types job satisfaction what factors influence job satisfaction are happy workers productive workers what factors influence job satisfaction what two important factors choosing job what benefits job satisfaction what important job satisfaction salary what benefits job satisfaction do think job satisfaction important salary choosing job what benefits job satisfaction what major job attitudes how maintain employee satisfaction how keep employees happy motivated how maintain employee satisfaction why job satisfaction important employees how maintain employee satisfaction how improve employee morale motivation
query	60	say belief tell parents atheist
query	61	teach tagalog language speak simlish why sims speak simlish when sims 5 release do sims speak real language what sul sul mean simlish do sims speak real language is the sims 5 happening do sims speak real language do sims speak english can simlish translated what language the sims 4 programmed can simlish translated what mean sim can simlish translated can change sims 4 language what sims saying what languages make simlish what sims saying when first sims released what sims saying where will wright live
query	62	support environmentalism climate change awareness environmentalism run half marathon what average time takes run half marathon is okay walk half marathon what average time woman run half marathon how much rest i need half marathon what average time woman run half marathon what respectable 5k time what average time woman run half marathon what i eat half marathon can beginner run half marathon can belly fat reduced running can beginner run half marathon can train half marathon treadmill can beginner run half marathon how many days week i run half marathon training what good half marathon time age what pace 2 hour half marathon what good half marathon time age how many miles week i run half marathon what good half marathon time age how fast i run mile age
query	63	write bibliography bibliography automatically generate work cited page microsoft word
query	64	send email box use gmail undo send feature does gmail undo send work how retract email how enable undo send gmail how send professional email how i recall email gmail 10 minutes can unsend email day how i recall email gmail 10 minutes how i recall email gmail phone how i recall email gmail 10 minutes can delete emails sent how i recall email gmail one day how block someone gmail
query	65	prepare google maps correct location google maps
query	66	receive property insurance reduce homeowners insurance cost how much home insurance cost average what 80 rule insurance is homeowner insurance negotiable what highest deductible homeowners insurance is homeowner insurance negotiable is geico good homeowners insurance is homeowner insurance negotiable will new roof lower insurance how pay home insurance does home insurance come escrow how pay home insurance how i reduce escrow payment how pay home insurance is home insurance included mortgage payment
query	67	use voip phone set voice internet protocol voip home how i connect voip phone router can plug phone line ethernet port how voip work home can use normal phone voip how voip work home how much voip monthly how voip work home is whatsapp voip can i use voip phone google voice is google voice discontinued can i use voip phone google voice can google voice number traced can i use voip phone google voice is google voice voip what voip phone number used why would someone use voip number what voip phone number used can voip phone number traced what voip phone number used what difference volte voip
query	68	allow separation church state determine grounds divorce what grounds quick divorce what divorce what 3 grounds divorce what wife claim divorce what 3 grounds divorce can get divorce reason what 3 grounds divorce how i get divorce money how prove desertion divorce who gets stay house divorce how prove desertion divorce what considered abandonment marriage how prove desertion divorce what emotional abandonment marriage what constitutes unreasonable behaviour divorce is emotional neglect grounds divorce what constitutes unreasonable behaviour divorce what reasons i give unreasonable behaviour what constitutes unreasonable behaviour divorce how long separated divorce automatic
query	69	pass indian institute technology joint entrance examination pass 11th 12th grade nepal
query	70	watch history television clear youtube history how clear history youtube how i view history youtube app how i delete youtube history phone how i clear youtube search history iphone how i delete youtube history phone how i clear iphone search history how i delete youtube history phone how i clear youtube inbox how turn search history youtube does youtube keep history watch how turn search history youtube can youtube history tracked how turn search history youtube can youtube searches tracked how find search history youtube how i look history youtube how find search history youtube how i look search history
query	71	work acupuncture find licensed acupuncturist what average cost acupuncture treatments does acupuncture help weight loss are acupuncturists licensed how much money acupuncturists make are acupuncturists licensed what credentials acupuncturist are acupuncturists licensed where i study acupuncture how long take become licensed acupuncturist can buy acupuncture needles without license how long take become licensed acupuncturist what job outlook acupuncturist how long take become licensed acupuncturist can acupuncture can nurse practitioners acupuncture is licensed acupuncturist doctor
query	72	improve apgar score read apgar score what 5 apgar scores how common apgar score 10 what apgar score 4 mean how many hours average newborn sleep per day what apgar score 4 mean why apgar scoring system important what apgar score 4 mean what white greasy substance found baby skin birth what apgar score 3 indicate how determine apgar score what apgar score 3 indicate what apgar assessment what apgar score 3 indicate is apgar score still used what apgar score birth is apgar score 5 good what apgar score birth what reflexes babies born what apgar score birth what condition may cause baby skin eyes look slightly yellow
query	73	relieve asthma treat asthma what best treatment asthma what drink good asthma can asthma cured completely what best herb asthma can asthma cured completely is apple cider vinegar good asthma can asthma cured completely is pill asthma what home remedies good asthma how sleep asthma position what home remedies good asthma what tea good asthma what home remedies good asthma does honey help asthma what helps asthma without inhaler how many puffs ventolin safe what helps asthma without inhaler how i strengthen lungs asthma what helps asthma without inhaler how i stop asthma attack night
query	74	treat back pain treat spondylosis what best treatment spondylosis what main cause spondylosis how spondylosis reduced is walking good spondylosis how spondylosis reduced how i sleep spondylosis how spondylosis reduced is spondylosis arthritis what happens spondylosis treated what serious complication spondylosis what happens spondylosis treated can get disability spondylosis what happens spondylosis treated is spondylosis disability is cervical spondylosis serious can neck problems affect legs is cervical spondylosis serious can cervical spondylosis affect brain is cervical spondylosis serious can cervical spondylosis cause balance problems
query	75	develop brain prevent brain cancer can brain tumor prevented does anyone survive brain cancer what main cause brain cancer how get cancer what main cause brain cancer can stress cause cancer return what main cause brain cancer can get brain tumor stress who likely get brain cancer does glioblastoma run families who likely get brain cancer can brain cancer cured who likely get brain cancer are ependymomas hereditary what life expectancy person brain cancer can survive stage 4 brain cancer what life expectancy person brain cancer is pain brain cancer what life expectancy person brain cancer what signs cancer spread brain
query	76	suffer carpal tunnel syndrome treat carpal tunnel syndrome can carpal tunnel syndrome go away what type jobs cause carpal tunnel syndrome how i treat carpal tunnel home does massage help carpal tunnel how i treat carpal tunnel home is carpal tunnel disability how i treat carpal tunnel home what foods help carpal tunnel how relieve carpal tunnel syndrome what vitamin good carpal tunnel how relieve carpal tunnel syndrome what best medication carpal tunnel pain how relieve carpal tunnel syndrome how long carpal tunnel usually last what happen carpal tunnel syndrome treated how doctor diagnose carpal tunnel syndrome what happen carpal tunnel syndrome treated what severe carpal tunnel syndrome feel like what happen carpal tunnel syndrome treated how tell difference carpal tunnel arthritis
query	77	identify dna identify dalmatian what dalmatian look like do dalmatians like cuddle what type breed dalmatian how much dalmatian puppy cost what type breed dalmatian why dalmatians born without spots what type breed dalmatian why dalmatian fire dog what makes dalmatian spotted how many spots dalmatian what makes dalmatian spotted do dalmatians get spots get older what makes dalmatian spotted are dalmations born spots how big dalmatians get do dalmatians bark lot how big dalmatians get at age dalmatian full grown how big dalmatians get are male female dalmatians better
query	78	diagnose hepatitis c diagnose viral hepatitis what blood tests detect hepatitis how soon hepatitis detected can cbc detect hepatitis will ct scan show hepatitis can cbc detect hepatitis can see hepatitis ultrasound can cbc detect hepatitis what viral hepatitis what early symptoms hepatitis what happens body hepatitis what early symptoms hepatitis how u know u hepatitis what early symptoms hepatitis can hepatitis affect eyes
query	79	cause insomnia stop insomnia what main cause insomnia what drink sleep faster can insomnia go away how i fall asleep 5 minutes can insomnia go away how i fight insomnia naturally can insomnia go away what mean tired sleep why i cannot sleep night what i eat stay asleep night why i cannot sleep night how i stay asleep night why i cannot sleep night how fall asleep 30 seconds
query	80	donate kidney donate kidney what side effects donating kidney what would disqualify donating kidney how much cost donate kidney who pays donate kidney how much cost donate kidney what requirements donate kidney how much cost donate kidney what required donate kidney is donating kidney dangerous do kidney donors live shorter lives is donating kidney dangerous can still drink alcohol one kidney is donating kidney dangerous how long live dialysis can live normal life donating kidney what cons donating kidney can live normal life donating kidney how long kidney donation recovery can live normal life donating kidney is drinking lot water good kidneys
query	81	increase naproxen choose counter pain medication
query	82	break pubis measure fundal height is fundal height measurement accuracy how important fundal height does fundal height indicate baby size does fundal height predict due date does fundal height indicate baby size what happens fundal height measures big does fundal height indicate baby size is bad measure bigger pregnancy how measure baby bump does bump size matter how measure baby bump can tell bump boy girl how measure baby bump does stomach size matter pregnancy
query	83	evaluate respiratory system test botulism how doctors test botulism can survive botulism can test botulism food can botulism go away can test botulism food can kill botulism cooking can test botulism food can botulism grow vinegar what first signs botulism does honey contain botulism what first signs botulism can canned tuna botulism what first signs botulism what vaccine botulism how long take know botulism what first symptom botulism how long take know botulism how clean botulism how long take know botulism how know canned goods botulism
query	84	boost self esteem flash sprint phone boost mobile how unlock sprint phone boost what code unlock sprint phone can i activate sprint iphone boost mobile how tell phone unlocked can i activate sprint iphone boost mobile what carriers compatible boost mobile can i activate sprint iphone boost mobile does boost mobile charge switch phones what 72786 what 873283 what 72786 how i reset phone network what 72786 how i manually activate sprint phone
query	85	cause shock spot distributive shock symptoms what distributive shock what distributive neurogenic shock is anaphylactic shock distributive what kind shock anaphylactic shock is anaphylactic shock distributive what critical form shock is anaphylactic shock distributive what 4 types shock what feel like go shock what first sign shock what feel like go shock how long shock last what feel like go shock what early signs shock can go shock pain how treat shock can go shock pain can someone go shock scared can go shock pain why going shock dangerous
query	86	care skin choose skin care line what best skin care brand what skincare brands dermatologists recommend what skin care regimen do i need serum moisturizer what skin care regimen are toners necessary what skin care regimen how get glowing skin is skin care one word two is skincare cosmetic is skin care one word two what esthetician what common skin type how i identify skin type what common skin type how know skin healthy what common skin type how i hydrate skin overnight
query	87	overcome speech disorder get rid speech disorder can get rid speech impediment what called speak properly how cure speaking problems how i speak fluently how cure speaking problems what neurological disorders cause speech problems how cure speaking problems how begin speech what causes speech impediment what three basic types speech impairments what causes speech impediment can anxiety cause aphasia what causes speech impediment is speech impairment disability can stress anxiety cause speech problems what signs speech anxiety can stress anxiety cause speech problems what three types aphasia can stress anxiety cause speech problems what called mix words speaking
query	88	reduce spinal muscular atrophy build atrophied muscles can rebuild atrophied muscle how stop muscle atrophy how fix muscle atrophy what greatest cause muscle atrophy how fix muscle atrophy can still build muscle 60 how fix muscle atrophy what example atrophy how long muscle atrophy take heal how i regain muscle 50 how long muscle atrophy take heal does walking build muscle how long muscle atrophy take heal do muscles shrink stopping workout can muscle atrophy due nerve damage reversed what best vitamin nerve damage can muscle atrophy due nerve damage reversed what foods help repair nerve damage can muscle atrophy due nerve damage reversed how i make nervous system strong
query	89	increase testosterone decide take testosterone do ftm take testosterone forever can testosterone increase size what testosterone pills body does testosterone make gain weight what testosterone pills body is taking testosterone safe what testosterone pills body is taking testosterone dangerous what happens i stop taking testosterone how much testosterone i take what happens i stop taking testosterone how long take testosterone injections what happens i stop taking testosterone is testosterone steroid how long take testosterone cream work can i put androgel balls how long take testosterone cream work what time day i apply testosterone cream how long take testosterone cream work where rub testosterone gel
query	90	produce thyroid hormone keep healthy thyroid what avoided thyroid which exercise best thyroid is potato good thyroid is tomato good thyroid is potato good thyroid is rice bad thyroid is potato good thyroid is milk good thyroid is egg good thyroid is coffee good thyroid is egg good thyroid is turmeric good thyroid is egg good thyroid what causes low thyroid
query	91	stop trichinosis grill pork tenderloin
query	92	prevent urinary incontinence prevent male incontinence can incontinence prevented how i stop incontinence old age how cure incontinence how i stop incontinence naturally how cure incontinence is counter medicine incontinence how cure incontinence what 4 types incontinence what common cause urge incontinence why i wee i climax what common cause urge incontinence can cure urge incontinence what common cause urge incontinence what urologist incontinence how i stop involuntary urination what common cause incontinence elderly how i stop involuntary urination how i manage night time incontinence how i stop involuntary urination what causes male incontinence
query	93	donate blood type donate kidney what side effects donating kidney what would disqualify donating kidney how much cost donate kidney who pays donate kidney how much cost donate kidney what requirements donate kidney how much cost donate kidney what required donate kidney is donating kidney dangerous do kidney donors live shorter lives is donating kidney dangerous can still drink alcohol one kidney is donating kidney dangerous how long live dialysis can live normal life donating kidney what cons donating kidney can live normal life donating kidney how long kidney donation recovery can live normal life donating kidney is drinking lot water good kidneys
query	94	wear adidas nammer
query	95	use aol create aol account how i create new aol account what best free email account is aol email account free is aol still around 2019 is aol email account free is aol mail shutting is aol email account free do aol email accounts expire what aol account how i switch aol gmail what aol account how i transfer aol mail gmail what aol account is aol good email provider what aol email address do people still use aol what aol email address who owns aol email what aol email address does aol email cost money
query	96	drink bacardi make rum runner
query	97	sell big oil know use oil based paint instead latex
query	98	bp know child high blood pressure why child blood pressure high what 13 year old bp how treat high blood pressure children what 5 symptoms high blood pressure how treat high blood pressure children what time day blood pressure highest how treat high blood pressure children what danger zone high blood pressure what blood pressure child what effects hypertension among children what blood pressure child what good blood pressure age what blood pressure child what normal range children blood pressure age group what feel high blood pressure how feel blood sugar high what feel high blood pressure what cause sudden high blood pressure what feel high blood pressure what main cause high blood pressure
query	99	play carolina panthers become mortgage broker north carolina how long take become mortgage broker who pays mortgage broker how become broker north carolina how much nc real estate exam how become broker north carolina how hard get real estate license nc how become broker north carolina how get broker license do mortgage brokers licensed what requirements mortgage broker license do mortgage brokers licensed how i start mortgage broker do mortgage brokers licensed what mortgage broker salary is mortgage broker good career do mortgage brokers make good money is mortgage broker good career how i become successful mortgage broker is mortgage broker good career is mortgage broker better bank
query	100	win chicago white sox chicago white sox fan where white sox fans live where white sox used play what white sox mean do white sox wear white socks what white sox mean why sox spelled sox what white sox mean who owners chicago white sox who likes white sox how much reinsdorf pay white sox who likes white sox does chicago 2 teams who likes white sox how far apart cubs white sox stadiums what part chicago white sox play is wrigleyville safe night what part chicago white sox play is area around white sox stadium safe what part chicago white sox play who world series
query	101	watch espn online is online line is websites web sites what understand term online offline network what difference online offline what understand term online offline network what difference online offline shopping what understand term online offline network what difference online offline transactions what going offline mean what offline mode what going offline mean what online testing what going offline mean what offline mean find iphone
query	102	call fedex contact fedex
query	103	watch fifa good fifa 1
query	104	sell ford motor company identify ford motor
query	105	join ibm install ibm java ubuntu linux
query	106	build isuzu motors change egr valve 1998 isuzu trooper what symptoms faulty egr valve how test egr valve how clean egr valve what happens egr valve blocked how clean egr valve does removing egr increase power how clean egr valve where egr sensor located what egr passages what causes clogged egr valve what egr passages can clean egr valve what egr passages what causes egr valve failure
query	107	support liberal party canada find political standpoint what political compass what liberals stand what difference left right wing politics what far left political view what difference left right wing politics is conservative party left right what difference left right wing politics what mean conservative what mean left wing what wing fascism what mean left wing what right wing conservative what mean left wing what percentage voters republican
query	108	join little league baseball watch minor league baseball game how i watch milb games can get milb roku are minor league games televised how many games minor league season are minor league games televised is minor league baseball team arizona how much milb tv cost who lowest paid player mlb how much milb tv cost how much aa baseball players make how much milb tv cost do minor league players get paid
query	109	win los angeles lakers get around los angeles cheap
query	110	announce retirement major league baseball become baseball writer how much mlb beat writers make how many writers athletic how much sports writers make what sports writers how much sports writers make how much cameraman espn make how much sports writers make who highest paid sports announcers how become sports writer how become sports blogger how become sports writer what sports writing journalism how become sports writer what average salary sports journalist what degree need sports journalist how i get started sports broadcasting what degree need sports journalist what sports editors what degree need sports journalist how i get job sports journalism
query	111	perform ballad maroon 5 wear maroon pants what color looks good maroon pants does maroon go grey how dress maroon pants what colors go burgundy pants how dress maroon pants what colours go burgundy trousers how dress maroon pants what wear maroon shirt what i wear burgundy pants what color matches burgundy what i wear burgundy pants what complementary color burgundy what i wear burgundy pants what colors worn burgundy what color goes red pants what i wear red pants what color goes red pants what color shoes go red pants what color goes red pants what wear red pants 2019
query	112	buy makeup maybelline buy beauty products budget
query	113	win championship miami heat time trip miami
query	114	unlock motorola c975 motorola unlock motorola phones windows
query	115	take complaint nvidia startup nvidia shadowplay without internet connection
query	116	treat animals people ethical treatment animals use google reader does google reader does google rss reader why google reader discontinued how i disable google reader why google reader discontinued what web based reader why google reader discontinued how i use google text speech how i get google read aloud are google play books free how i get google read aloud how i turn read mode chrome how i get google read aloud how i use google speech text
query	117	win tournament pga tour pro magic gathering player
query	118	operate route singapore airlines find low airfare how i find cheapest flights what best site airfare what best flight comparison site how far advance i book flight get best deal what best flight comparison site is best book direct airline what best flight comparison site what hacker fare which airline cheapest us do flight tickets get cheaper closer date which airline cheapest us what cheapest month fly usa which airline cheapest us what best days fly what day week best time buy airline tickets do flight prices go search what day week best time buy airline tickets is sunday good day book flights what day week best time buy airline tickets what best day buy airline tickets 2019
query	119	get insurance tiscali determine need travel insurance do need travel insurance is travel insurance health insurance can fly without travel insurance do need legal expenses travel insurance can fly without travel insurance how much cost get travel insurance can fly without travel insurance what covered travel insurance what medical conditions declare travel insurance can i exclude medical condition travel insurance what medical conditions declare travel insurance is high blood pressure pre existing medical condition travel insurance what medical conditions declare travel insurance what considered pre existing medical condition do i need health insurance traveling europe does health insurance cover abroad do i need health insurance traveling europe is travel insurance worth cost do i need health insurance traveling europe does blue cross blue shield cover europe
query	120	extend visa visa inc avoid violating b1 business visa can work b1 visa what b1 visa allow how long b1 visa good can i get 10 year visa usa how long b1 visa good can i change b1 b2 visa green card how long b1 visa good what difference b1 b2 visa how many times enter us b1 b2 visa is return ticket required visitor visa usa how many times enter us b1 b2 visa how i pass b1 b2 visa interview how many times enter us b1 b2 visa can i visit canada us b1 b2 visa why b1 b2 visa rejected can i wear jeans us visa interview why b1 b2 visa rejected how many times us visa rejected why b1 b2 visa rejected how avoid rejection us visa
query	121	apply job walmart get funding funding apply legal funding can i get legal aid family court can i get lawyer free can i get legal aid family court how long take apply legal aid can i get legal aid family court can i get free solicitor does legal aid paid back who pays divorce costs does legal aid paid back how i get divorce i money does legal aid paid back do pay legal fees lose how i get free legal advice how i get pro bono lawyer how i get free legal advice how pro bono lawyers make money how i get free legal advice what free lawyers called
query	122	apply job university houston get funding funding apply legal funding can i get legal aid family court can i get lawyer free can i get legal aid family court how long take apply legal aid can i get legal aid family court can i get free solicitor does legal aid paid back who pays divorce costs does legal aid paid back how i get divorce i money does legal aid paid back do pay legal fees lose how i get free legal advice how i get pro bono lawyer how i get free legal advice how pro bono lawyers make money how i get free legal advice what free lawyers called
query	123	work lawyer abraham lincoln make abraham lincoln costume
query	124	pass turing test alan turing plant turing sunflowers
query	125	discover secrets aristotle use whisper is whisper app really anonymous can find someone whisper is whisper dating app can delete whisper account is whisper dating app how i hide location whisper is whisper dating app how i delete whisper how whisper can mute whisper how whisper why whispering bad how whisper why whisper how i chat whisper is whisper still app how i chat whisper what whisper message how i chat whisper what app kik
query	126	study relationship barbie hsu creative playing barbies
query	127	play villain batman play lego batman videogame how many players lego batman what first lego video game which robin lego batman video game what best lego game which robin lego batman video game how many levels lego batman 3 which robin lego batman video game how many levels lego batman 2 how throw batarang lego batman how move lego batman wii how throw batarang lego batman how change characters lego batman wii who made lego batman will lego batman movie 2 who made lego batman how old batman who made lego batman how old lego batman
query	128	idolise family british royal family formally address british royalty aristocracy person how address letter royalty how address prince philip how address royalty nobility what daughter lord called how address royalty nobility what son lord called how address royalty nobility how address viscountess how address british royalty who highest ranking duke england how address british royalty can write letter queen how address british royalty how greet royalty how address duchess person what son duke duchess called how address duchess person will camilla queen charles becomes king how address duchess person what queen eat xmas dinner
query	129	sings jazz diana ross become jazz singer
query	130	provide scoring jason kidd point guard how become point guard who best point guard ever what skills need point guard do power forwards shoot threes what skills need point guard is shooting guard good position what skills need point guard what important basketball position what point guards role what stretch 4 basketball what point guards role what purpose jump ball what point guards role who wore number 4 basketball why called point guard what 3 position basketball why called point guard how tall shooting guards why called point guard what wing player basketball
query	131	splits jean claude van damme identify turkish van what turkish van cat look like are turkish van cats deaf are turkish vans vocal what biggest cat world are turkish vans vocal are turkish vans hypoallergenic are turkish vans vocal at age kittens eyes change color how much turkish van cat cost are turkish van cats rare how much turkish van cat cost what rarest color cats how much turkish van cat cost what van colored cat where turkish van cats what breed black cats where turkish van cats how catch wild cat where turkish van cats how make cat lap cat
query	132	died tree jesus get closer god holy father how i closer relationship jesus how i talk god what words lord prayer what waiting god mean what words lord prayer what words our father what words lord prayer what lord prayer really mean how i make relationship deeper god how build strong relationship how i make relationship deeper god how i connect god prayer how i make relationship deeper god what relationship what right way pray god can pray silence what right way pray god is right wrong way pray what right way pray god how i pray
query	133	listen johann sebastian bach listen bach what bach famous pieces what bach last words what bach greatest works what bach favorite instrument what bach greatest works who best bach pianist what bach greatest works what well tempered clavier why bach famous how bach die why bach famous who best composer time why bach famous who famous composer what bach mean what cariad welsh mean what bach mean is bach deaf what bach mean how pronounce bach
query	134	watch premiere kathy griffin keep hipster what mean hipster what hipster style clothing what hipster stereotypes how hipster man dress
query	135	left money luther vandross appreciate martin luther king jr
query	136	visit pope pope benedict xvi address pope what proper way address pope how address bishop what call pope does catholic church still use latin what call pope how address cardinal what call pope when word pope first used how address catholic bishop uk what call female episcopal priest how address catholic bishop uk do call bishop father how address catholic bishop uk what monsignor catholic church how address letter archbishop who archbishop philippines how address letter archbishop who cardinal philippines
query	137	become man prince charming stop waiting prince charming
query	138	win season roger federer dallas cowboys fan what celebrities cowboys fans is denzel washington cowboys fan how i contact dallas cowboys why dallas cowboys worth much how i contact dallas cowboys who richest football player nfl how i contact dallas cowboys how i contact jerry jones who dallas cowboys pick draft who cowboys trade who dallas cowboys pick draft who cowboys pick 2019
query	139	find hidden talent samuel beckett mix names what call combine two names what good nicknames couples how create unique name what unique name baby boy how create unique name how i name brand how create unique name how i create catchy business name what good couple names what i call gf what good couple names what call future husband what good couple names what cute pet name what best name baby girl what rare name what best name baby girl what coolest girl names what best name baby girl what name means gift god
query	140	beat niculescu serena williams look like serena van der woodsen who plays serena van der woodsen are serena blair friends real life where serena van der woodsen live where nate archibald live where serena van der woodsen live is empire hotel gossip girl real where serena van der woodsen live what school serena go gossip girl who serena van der woodsen dad who richest family gossip girl who serena van der woodsen dad what diana secret gossip girl who serena van der woodsen dad who married serena how dress like blair waldorf where blair waldorf go college how dress like blair waldorf how i dress like jenny humphrey how dress like blair waldorf what episode white party gossip girl
query	141	sing music tink draw tinkerbell
query	142	live passion tony robbins like tony dinozzo ncis why tony dinozzo leave ncis do ziva tony get together how old tony dinozzo ncis is actress plays ziva ncis pregnant how old tony dinozzo ncis did ziva really die how old tony dinozzo ncis who plays tony dinozzo do tony ziva baby what tony whisper ziva ear do tony ziva baby in episode ncis tony ziva kiss do tony ziva baby did abby mcgee sleep together
query	143	become warming vin diesel decode vin how decode vin what 8th digit vin mean what digit means vin what 6th digit vin number mean what digit means vin what 10th digit vin number mean what digit means vin what first digit vin mean can i lookup vehicle specs vin number can i tell transmission vin number can i lookup vehicle specs vin number can i check vin history free can i lookup vehicle specs vin number which digit vin engine
query	144	hold mesino acapulco plan beach vacation mexico how much mexico vacation cost what cheapest month travel mexico what i need traveling mexico what mexico what i need traveling mexico should i exchange money i travel mexico what i need traveling mexico do i need vaccinations mexico where i vacation mexico what nicest part mexico where i vacation mexico where i vacation mexico inclusive where i vacation mexico what safest vacation spots mexico how know need vacation why we need vacation how know need vacation do vacations relieve stress how know need vacation how often need vacation
query	145	take crudes angola get best ending black ops
query	146	establish welfare british columbia find best wines canada
query	147	fire naphtha chennai reach madurai chennai road transport how i reach madurai chennai how many km madurai cochin how many hours madurai chennai how far kodaikanal madurai how many hours madurai chennai how far mahabalipuram chennai how many hours madurai chennai how far vellore chennai how far tirupati chennai how many hours take chennai tirupati how far tirupati chennai how i reach tirupati balaji temple chennai railway station how far tirupati chennai how far tirupati temple chennai airport how i go madurai flight does madurai airport how i go madurai flight how far madenakshi temple madurai railway station how i go madurai flight how i reach madurai delhi
query	148	buy beginner drum set cincinnati buy bongo drum what difference congas bongos what drum symbolize what bongo drums made what country bongo made what bongo drums made who created bongo what bongo drums made how hold bongos what different types drums what big drum called what different types drums are drums oldest instrument what different types drums what talking drum sound like
query	149	provide meals dormitory decorate bedroom like hogwarts dormitory how i decorate room like harry potter did harry potter sleep stairs how i make room look like dorm room how i make dorm room comfortable how i make room look like dorm room how i make room homey how i make room look like dorm room how i make room feel cozy what color ravenclaw blue what colors hufflepuff what color ravenclaw blue why hermione ravenclaw what color ravenclaw blue what colors ravenclaw
query	150	visit egypt get tourist visa egypt how much egyptian tourist visa can i go egypt without visa do i need visa egypt is safe visit egypt 2019 do i need visa egypt what i wear egypt woman do i need visa egypt what hottest months egypt how long egypt visa take how much cash i take egypt how long egypt visa take what best way get visa egypt how long egypt visa take what best currency take egypt
query	151	build egyptian pyramids build mayan temple sand
query	152	go finland write position paper model un how write position paper mun how start position paper what un position paper is position paper written first person what un position paper how conclude position paper what un position paper how model un work how long mun position paper how win best delegate how long mun position paper how long take write position paper how long mun position paper what gsl mun what format position paper how write strong claim statement what format position paper how write position statement what format position paper what purpose position paper
query	153	look job glasgow become licensed taxi driver glasgow
query	154	live greece greece get italy greece is train italy greece how get santorini italy how long ferry ride italy greece is cheaper go italy greece how long ferry ride italy greece how long flight greece italy how long ferry ride italy greece how i get athens santorini how long take drive italy greece how far santorini greece italy how long take drive italy greece how far amalfi coast greece how long take drive italy greece where greece compared italy how far greece italy how far italy athens how far greece italy how far germany italy how far greece italy how far rome athens
query	155	use wireless hawaii form llc hawaii how much cost start llc hawaii what i need start business hawaii how i start llc hawaii what llc means how i start llc hawaii how i apply llc how i start llc hawaii what llc business how much cost get business license hawaii what subject hawaii general excise tax how much cost get business license hawaii what general excise tax hawaii how much cost get business license hawaii how much income tax hawaii what registered agent hawaii what registered agent business
query	156	go trek himalayas go trekking himalayas when hike himalayas what mountain trekking what best treks nepal how much trekking cost nepal what best treks nepal how long manaslu trek what best treks nepal how long langtang trek how i get himalayas what himalayas famous how i get himalayas who lives himalayas how i get himalayas what hindu kush mean what best time trek nepal what need trekking what best time trek nepal what season nepal right what best time trek nepal when i go patagonia
query	157	discuss iran threat iran visit iran is safe visit iran tourist can drink alcohol iran is safe go iran 2019 what i wear iran is safe go iran 2019 are americans allowed iran is safe go iran 2019 is iran expensive what iran what i buy iran what iran is tehran safe what iran can canadians travel iran when i visit iran how cold get iran when i visit iran how much money i take iran when i visit iran what iran known
query	158	locate kansas city win barbecue cook
query	159	get bar kelowna kelowna good barmaid can make good money bartender do bartenders sleep customers how i become good bartender how bartenders handle drunk customers how i become good bartender who tipsy bartender how i become good bartender what skills bartender is bartender good job is bartending stressful job is bartender good job what bartenders make money is bartender good job do bartenders servers make is bartender hard what bartending is bartender hard how long bartending shifts is bartender hard how many drinks bartender make hour
query	160	kings island 4 kings card trick who 4 kings deck cards why king diamonds one eye how play kings corner how play crazy 8 how play kings corner do discard kings corner how play kings corner how play 4 corners classroom how many king cards why king hearts killing how many king cards what king spades represent how many king cards which colour highest cards
query	161	reach lake lake ozarks catch lake trout what best bait lake trout what lures trout like what best way catch lake trout can trout bite what best way catch lake trout what size hooks trout fishing what best way catch lake trout what best weather trout fishing where i find big lake trout what biggest lake trout ever caught where i find big lake trout how fast troll lake trout where i find big lake trout how long lake trout live what colors lake trout like are lake trout good eating what colors lake trout like what catch trout what colors lake trout like what lake trout eat
query	162	migrate melbourne visit melbourne where i take visitors melbourne what melbourne free when i visit melbourne what coldest month melbourne when i visit melbourne how hot melbourne december when i visit melbourne how hot melbourne april is melbourne expensive which month best visit melbourne is melbourne expensive how much beer melbourne is melbourne expensive what average salary melbourne what melbourne best known what victoria famous what melbourne best known what poorest city australia what melbourne best known why melbourne popular
query	163	compare african city mombasa apply kenyan identity card
query	164	climb mount everest buy way onto mount everest expedition how much cost climb everest pounds how many bodies still mount everest how much cost climb everest 2019 can normal person climb mount everest how much cost climb everest 2019 how mountain climbers poop how much cost climb everest 2019 is mount everest always cold how much sherpas make everest do sherpas use oxygen everest how much sherpas make everest do sherpas need oxygen everest how much sherpas make everest how much pay sherpa how much money nepal make everest what death zone mt everest how much money nepal make everest how many sherpas die year everest how much money nepal make everest is mount everest tourist attraction
query	165	see local laws customs north korea deal framed foreign country
query	166	stay carlton hotel prague prague vacation prague what i avoid prague what best month go prague is prague safe tourists what prague is prague safe tourists is prague walkable is prague safe tourists what eat prague how many days need prague what best part prague stay how many days need prague can i use euros prague how many days need prague do people speak english prague how much trip prague how expensive food prague how much trip prague what currency used prague how much trip prague is hungary expensive
query	167	book vacation punta cana choose budget winter vacation destination where cheap place go winter vacation where i go winter sun where cheap place vacation december how i fly cheap christmas where cheap place vacation december where i go vacation christmas where cheap place vacation december where vacation winter warm where best place vacation winter where i go vacation january where best place vacation winter where warmest place us january where best place vacation winter is punta cana safe where cheapest warm place vacation where i go inexpensive beach vacation where cheapest warm place vacation what cheap vacation destinations where cheapest warm place vacation where cheap beach vacation
query	168	find rocky mountains fun cairngorms national park scotland
query	169	leave san francisco international airport travel san francisco airport downtown how i get san francisco airport downtown is san francisco safe night is public transportation san francisco international airport downtown what best way get around san francisco is public transportation san francisco international airport downtown is san francisco expensive tourists is public transportation san francisco international airport downtown does bart run 24 hours how far san francisco airport downtown can uber pick sfo how far san francisco airport downtown how much bart san francisco how far san francisco airport downtown does bart go fisherman wharf how much taxi san francisco airport union square do tip san francisco how much taxi san francisco airport union square which bart station union square how much taxi san francisco airport union square does bart go union square
query	170	drive car saudi arabia drive kingdom saudi arabia what side road drive saudi arabia how many countries right hand drive can drive saudi arabia us license what age drive saudi can drive saudi arabia us license is saudi arabia driving license valid europe can drive saudi arabia us license is uk driving license valid saudi arabia can visitors drive saudi arabia are female tourists allowed drive saudi arabia can visitors drive saudi arabia what country youngest driving age can visitors drive saudi arabia does saudi arabia allow tourism is dating allowed saudi arabia how many wives saudi arabia is dating allowed saudi arabia what happens commit crime saudi arabia
query	171	develop south india call india how i call india how i call dial91 how i call india mobile how i call india usa free how i call india mobile how i save whatsapp number india how i call india mobile how i call london india how call india uk how much international call cost how call india uk how i call india free uk how call india uk does lyca work india what cheapest way call india how i call international what cheapest way call india how i make free international calls what cheapest way call india how i call usa india
query	172	get greencard sudan treat yellow fever is yellow fever curable what countries yellow fever risk how long yellow fever last where yellow fever common how long yellow fever last does yellow fever still exist how long yellow fever last when yellow fever end how yellow fever diagnosed what another name yellow fever how yellow fever diagnosed how long yellow fever take show symptoms how yellow fever diagnosed where yellow fever come how prevent yellow fever naturally how avoid yellow fever how prevent yellow fever naturally what part body yellow fever affect how prevent yellow fever naturally what countries require yellow fever certificate
query	173	get scenic views tehran tehran hike diamond head oahu hawaii how long diamond head take hike what rainy season oahu is diamond head hard hike where i see turtles oahu is diamond head hard hike is pillbox hike hard is diamond head hard hike are bathrooms diamond head how many stairs diamond head hike can walk diamond head waikiki beach how many stairs diamond head hike how long take hike manoa falls how many stairs diamond head hike is active volcano oahu how much cost hike diamond head can hike diamond head rain how much cost hike diamond head why waikiki beach famous how much cost hike diamond head can snorkel hanauma bay
query	174	performs live times square times square multiply square roots can multiply square roots variables can subtract square roots can multiply negative square roots is square root negative number positive negative can multiply negative square roots what value square root can multiply negative square roots how multiply radicals how multiply radical whole number how figure square roots how multiply radical whole number can subtract radicals how multiply radical whole number how simplify square roots what root 3 times root3 is square root 3 rational what root 3 times root3 how calculate roots calculator what root 3 times root3 does 7 square root
query	175	visit trinidad tobago nigeria trinidad tobago treat yellow fever is yellow fever curable what countries yellow fever risk how long yellow fever last where yellow fever common how long yellow fever last does yellow fever still exist how long yellow fever last when yellow fever end how yellow fever diagnosed what another name yellow fever how yellow fever diagnosed how long yellow fever take show symptoms how yellow fever diagnosed where yellow fever come how prevent yellow fever naturally how avoid yellow fever how prevent yellow fever naturally what part body yellow fever affect how prevent yellow fever naturally what countries require yellow fever certificate
query	176	take deliveries west indies identify corriente cattle what corriente cattle used how much cow cost are corriente cows good eating how old roping steers how much corriente cattle eat are cows mexico how much corriente cattle eat how much roping calves weigh are longhorns good beef cattle is money longhorn cattle are longhorns good beef cattle how much longhorn cattle worth are longhorns good beef cattle are longhorns aggressive
query	177	make lager make snakebite beer
query	178	pretzel pretzel stretch how stretch pretzels how stretch hip flexors what frog stretch what muscles butterfly stretch work what frog stretch how stretch back what frog stretch what muscles stretch splits what stretch is stretching good bed what stretch should stretch everyday what stretch why stretch feel good what 90 90 stretch what world greatest stretch what 90 90 stretch what 90 90 position what 90 90 stretch what kneeling hip flexor
query	179	cook beetroot prepare beetroot how prepare beetroot how healthy beetroot do peel beets cooking what nutritious way cook beets do peel beets cooking how know beets cooked do peel beets cooking does boiling beets remove nutrients can eat raw beetroot is beetroot good skin can eat raw beetroot does beetroot make poop can eat raw beetroot can beetroot cause constipation what fresh beets what meat good eat beets what fresh beets how beets detox body what fresh beets can steam beetroot
query	180	produce boric acid get rid roaches borax what mix borax kill roaches what cockroaches hate how long take borax kill roaches what best roach killer how long take borax kill roaches which better kill roaches borax boric acid how long take borax kill roaches how get rid roaches without exterminator can borax kill roaches what smells keep roaches away can borax kill roaches does dawn kill roaches can borax kill roaches how mix borax sugar kill roaches what gets rid roaches fast what professionals use kill roaches what gets rid roaches fast what kills roaches eggs what gets rid roaches fast how deal cockroach infestation
query	181	make pancake buttermilk make pancake mix
query	182	play chess internet chess play blitz chess what blitz game chess why chess clock how play chess blitz can touch chess piece without moving how play chess blitz how i get faster chess how play chess blitz what happens chess clock runs does blitz chess improve game what meant rapid chess what difference blitz rapid chess what 15 10 chess game what difference blitz rapid chess what 3 2 chess game what difference blitz rapid chess can castle chess 960
query	183	fix chrysler neon buy classic chrysler
query	184	take clenbuterol treat heaves horses can ride horse heaves what give horse cough what mean horse heaves what ventipulmin horses what mean horse heaves how much dex can give horse what mean horse heaves what prednisolone used horses what feed horse copd how treat heaves horses naturally what feed horse copd how i know horse heaves what feed horse copd what causes copd horses what heave line look like horse why horse coughing i ride what heave line look like horse can ride horse asthma what heave line look like horse what mean horse keeps coughing
query	185	clean copper pan copper clean burnt copper can scrap burnt copper is burning copper illegal how remove oxidation copper does ketchup clean copper how remove oxidation copper does brasso clean copper how remove oxidation copper what best chemical clean copper how clean heavily tarnished copper how shine copper how clean heavily tarnished copper what easiest way clean copper how clean heavily tarnished copper how clean green copper can burn plastic copper wire what stripped copper wire worth can burn plastic copper wire what difference bare bright copper 1 copper can burn plastic copper wire what happens burn copper
query	186	buy raw milk product dairy product drink milk better health is bad drink milk everyday which fruit best bones why drinking milk bad is milk cancer why drinking milk bad what negative effects drinking milk why drinking milk bad is drinking cow milk unnatural should adults drink milk daily is good drink milk every day should adults drink milk daily how much milk i drink daily should adults drink milk daily why drink almond milk
query	187	drink diet coke make diet coke mentos rocket how make coke mentos rocket what candy makes soda explode how many mentos diet coke rocket why coke explode put mentos how many mentos diet coke rocket does mentos gum work coke how many mentos diet coke rocket does sprite work mentos what happens put mentos diet coke what coke made what happens put mentos diet coke how make coke explode what happens put mentos diet coke what mentos made what pop works best mentos why coke baking soda react what pop works best mentos is elephant toothpaste safe what pop works best mentos is baking soda vinegar chemical reaction
query	188	drink diet soda diabetes diet drink drink diet coke make diet coke mentos rocket how mentos diet coke rocket why coke mentos react what happens put mentos diet coke what happens put mentos coke close cap what happens put mentos diet coke what coke made what happens put mentos diet coke how high diet coke mentos go does mentos coke really explode what mentos made does mentos coke really explode does walmart sell mentos
query	189	switch ethernet hub system link two xbox xbox 360 consoles can system link xbox 360 xbox one what system link mean xbox 360 how connect two xbox 360 consoles how connect two xbox 360 wirelessly how connect two xbox 360 consoles how connect 2 controllers xbox one how connect two xbox 360 consoles how i link xbox live account can signed 2 xbox ones can run 2 xboxes 1 xbox live account can signed 2 xbox ones can i share xbox live 2 consoles can signed 2 xbox ones can use xbox live account two different xbox ones
query	190	buy ford aerostar find paint color code ford vehicles where paint code ford how i find exact color car where find paint code vehicle how i match paint color car where find paint code vehicle where i find car color code hyundai where find paint code vehicle how use dupli color perfect match can look paint color vin can vin number tell model can look paint color vin does vin number tell transmission can look paint color vin can i find owns car vin number
query	191	play french horn play french horn how french horn played what horn f why put hand french horn what hardest brass instrument learn why put hand french horn is french horn hard why put hand french horn how long french horn is french horn easy play are french horns marching bands is french horn easy play what easiest instrument learn is french horn easy play can french horn play jazz how much cost buy french horn who best french horn player how much cost buy french horn what best french horns how much cost buy french horn how long double french horn
query	192	drive manual transmission gear stick troubleshoot transmission what would cause transmission shift can clogged transmission filter cause shifting problems what signs transmission issues what failing transmission sound like what signs transmission issues can transmission go without warning what signs transmission issues how tell transmission solenoid bad what happens transmission fails how ruin transmission what happens transmission fails how long failing transmission last what happens transmission fails how much cost fix transmission
query	193	refrigerate goat meat cook goat meat
query	194	recommend guitar amplifier recommend honeymoon plan honeymoon when plan honeymoon who pays honeymoon which honeymoon package best what couples goa which honeymoon package best how i plan honeymoon budget which honeymoon package best is goa best honeymoon how much spend honeymoon what popular honeymoon destination how much spend honeymoon what mean honeymoon how much spend honeymoon how long honeymoon phase how i make honeymoon special how i surprise husband honeymoon how i make honeymoon special what normal couples home how i make honeymoon special what i wear honeymoon night
query	195	use hair dryer choose blow dryer what best blow dryer market what top 10 hair dryers does matter hair dryer use what causes frizzy hair does matter hair dryer use can hair dryer kill bed bugs does matter hair dryer use what best hair dryer frizzy hair are ceramic hair dryers better is babyliss good hair dryer are ceramic hair dryers better is nano titanium better ceramic are ceramic hair dryers better which better titanium ceramic what best affordable hair dryer why dyson hair dryer good what best affordable hair dryer does hair dryer damage hair what best affordable hair dryer are ionic hair dryers better
query	196	sell handbag market handbag business
query	197	connect computer hard disk drive build cheap computer is cheaper build computer what know building pc how much cost build basic computer how much monitor how much cost build basic computer how much i spend pc how much cost build basic computer how much cheapest laptop what cheapest gaming computer how much ram i need gaming what cheapest gaming computer what pc tfue use what cheapest gaming computer how much ninja pc cost how much would cost build gaming pc 2019 how much ram i need how much would cost build gaming pc 2019 is 8gb ram enough gaming how much would cost build gaming pc 2019 is i5 good gaming
query	198	hear baby heartbeat heart rate monitor hear baby heartbeat heart rate monitor monitor fetal heart rate
query	199	download hollywood video throw hollywood party
query	200	build hybrid vehicle use hybrid cars efficiently how drive hybrid efficiently are hybrid cars expensive repair what fuel efficient hybrid are hybrid cars good highway driving what fuel efficient hybrid what reliable hybrid car what fuel efficient hybrid are hybrid vehicles worth it do hybrid engines last longer what problems hybrid cars do hybrid engines last longer how long hybrid engine last do hybrid engines last longer do hybrids cost insure
query	201	recognize xp computer imac install ram imac can add ram imac does upgrading ram imac void warranty can add ram imac 2019 how remove ram imac can add ram imac 2019 why ram better can add ram imac 2019 can i mix 4gb 8gb ram imac how much ram i need imac do need 16gb ram mac how much ram i need imac do i need 32gb ram how much ram i need imac is 8gb ram enough video editing how i add ram imac 2011 how much ram 2011 imac hold how i add ram imac 2011 how i upgrade imac 2011 how i add ram imac 2011 can upgrade imac hard drive
query	202	rent jet ski jet ski winterize jet ski do winterize jetski how much cost winterize boat do winterize 2 stroke jet ski how i winterize seadoo jet ski do winterize 2 stroke jet ski how long run jetski water do winterize 2 stroke jet ski does polaris still make jet skis how winterize seadoo gtx 4 tec how many hours 4 stroke jet ski last how winterize seadoo gtx 4 tec how use fogging oil jet ski how winterize seadoo gtx 4 tec how use fogging oil how winterize seadoo spark can use seadoo salt water how winterize seadoo spark how drain water seadoo spark
query	203	wash laundry detergent wash clothes dish liquid what used substitute laundry detergent can i wash clothes without detergent how much dawn use laundry can i use dish soap hand wash clothes how much dawn use laundry can vinegar replace laundry detergent how much dawn use laundry can i use dawn wash car can i use shampoo wash clothes can wash clothes ivory bar soap can i use shampoo wash clothes what baking soda laundry can i use shampoo wash clothes how laundry traveling
query	204	drive lincoln town car choose right car what best second hand car what cheapest reliable car which best small car market what best 2019 city car which best small car market what best small car 2019 which best small car market what reliable car brand what best used suv buy what suv last longest what best used suv buy what reliable used suv what best used suv buy what dependable used suvs
query	205	upgrade macbook pro upgrade memory macbook pro can i increase mac memory how i know mac needs ram how much cost upgrade ram macbook pro can i buy ram macbook pro how much cost upgrade ram macbook pro what brand ram best macbook pro how much cost upgrade ram macbook pro can upgrade ssd macbook pro how much ram i put macbook pro how i speed macbook pro how much ram i put macbook pro what macbook pros upgraded how much ram i put macbook pro what max ram macbook pro mid 2010 can i upgrade macbook pro 2012 16gb ram can 2012 macbook pro upgraded can i upgrade macbook pro 2012 16gb ram how i update old macbook pro can i upgrade macbook pro 2012 16gb ram can i install 16gb ram macbook pro
query	206	get large jar marmite eat marmite why marmite banned does marmite meat is marmite good bad why marmite banned canada is marmite good bad what eat marmite is marmite good bad does marmite taste good can eat much marmite should keep marmite fridge can eat much marmite is marmite good anxiety can eat much marmite is marmite ok diabetics can marmite used drink does marmite taste like bovril can marmite used drink does marmite cure hangovers can marmite used drink is marmite good skin
query	207	make mentos react coke mentos make diet coke mentos rocket how make coke mentos rocket what candy makes soda explode how many mentos diet coke rocket why coke explode put mentos how many mentos diet coke rocket does mentos gum work coke how many mentos diet coke rocket does sprite work mentos what happens put mentos diet coke what coke made what happens put mentos diet coke how make coke explode what happens put mentos diet coke what mentos made what pop works best mentos why coke baking soda react what pop works best mentos is elephant toothpaste safe what pop works best mentos is baking soda vinegar chemical reaction
query	208	know metal gear solid protect emma metal gear solid 2 sons liberty
query	209	make dessert nutella make nutella banana dessert
query	210	golden pocket watch pocket watch wear pocket watch how wear pocket watch suit can wear watch pocket watch how wear pocket watch single albert how wear pocket watch 2 piece suit how wear pocket watch single albert when pocket watches go style how wear pocket watch single albert how start pocket watch how pocket watch chain work how wear pocket square how pocket watch chain work what goes double albert chain how pocket watch chain work how wear wrist watch chain what fusee pocket watch what verge watch
query	211	make faster porsche 911 customize cars need speed wanted 2005
query	212	install replacement window install replacement windows do install replacement windows inside outside how long window installation take can replace windows how much home depot charge install window can replace windows how i install operating system can replace windows what cost install window what average cost replace windows home how much renewal andersen window cost what average cost replace windows home does new windows increase home value what average cost replace windows home how much windows window world is worth replace windows do new windows really save is worth replace windows what best time year replace windows is worth replace windows what average cost window replacement homes
query	213	cut stained glass make mosaic stained glass window
query	214	recharge automotive battery store batteries how store batteries safely how store aa batteries long term do batteries last longer refrigerated how store duracell batteries do batteries last longer refrigerated what best way store alkaline batteries do batteries last longer refrigerated is good idea store batteries refrigerator is ok store batteries together do batteries expire used is ok store batteries together how long can batteries stored is ok store batteries together should lithium batteries stored refrigerator can store batteries ziploc bag can aa batteries cause fire can store batteries ziploc bag can old batteries start fire can store batteries ziploc bag how store button batteries
query	215	bake banana bread make banana nut bread
query	216	serve barbecue sauce make barbecue sauce
query	217	buy dvd camcorder camcorder capture analog video what best video capture device do i need video capture card what elgato video capture what format elgato record what elgato video capture does elgato work windows 10 what elgato video capture does elgato work linux what video capture device does windows 10 video capture what video capture device how video capture device work what video capture device how capture card work how i record vhs digital can still buy vcr how i record vhs digital are disney vhs tapes worth anything how i record vhs digital can connect vcr computer
query	218	replace central heating increase manage pressure combination boiler how i increase pressure boiler what correct pressure boiler how i reduce pressure combi boiler does boiler pressure go heating how i reduce pressure combi boiler can boilers explode how i reduce pressure combi boiler what normal operating pressure boiler why boiler keep gaining pressure is low boiler pressure dangerous why boiler keep gaining pressure why boiler dripping water bottom why boiler keep gaining pressure how much air pressure boiler expansion tank what happens pressure boiler low does low boiler pressure affect hot water what happens pressure boiler low will boiler work without pressure what happens pressure boiler low how i find leak central heating system
query	219	indicate popularity chardonnay choose sweet white wine what best sweet white wines what sweet white what good sweet wine beginners whats good sweet wine tastes like juice what good sweet wine beginners what good cheap sweet wine what good sweet wine beginners is pink moscato sweet which types wine sweet is white zinfandel sweet wine which types wine sweet is rose sweet wine which types wine sweet is sweet red wine what popular white wine what difference chardonnay sauvignon blanc what popular white wine what good inexpensive wine party what popular white wine what kind wine popular
query	220	remove mascara eye shadow apply eye makeup contact lenses
query	221	put fake eyelash eyelash extensions remove eyelash extensions how i remove eyelash extensions home do eyelash extensions ruin natural lashes is safe remove eyelash extensions home why eyelash extensions hurt is safe remove eyelash extensions home how remove false eyelashes vaseline is safe remove eyelash extensions home can put mascara eyelash extensions can vaseline remove eyelash extensions does baby oil remove fake eyelashes can vaseline remove eyelash extensions how remove eyelash extensions coconut oil can vaseline remove eyelash extensions how remove ardell individual eyelash glue how long take remove eyelash extensions how take fake eyelashes without remover how long take remove eyelash extensions can i let eyelash extensions fall how long take remove eyelash extensions are lash extensions worth
query	222	use acrylic paint lacquer wax black car what best wax black car will black wax hide scratches should wax black car why black cars scratch easily should wax black car how often wash black car should wax black car how i prevent water spots car how often black car waxed does washing car remove wax how often black car waxed can take black car carwash how often black car waxed what car color hides scratches best what black wax how long meguiars black wax last what black wax how wash black car what black wax how keep black car clean
query	223	make lockheed c 5 galaxy connect keyboard galaxy tab 2 how i connect keyboard samsung galaxy tab 2 how i reset samsung keyboard how i connect wireless keyboard samsung tablet will wireless keyboard work tablet how i connect wireless keyboard samsung tablet can use wireless keyboard tablet how i connect wireless keyboard samsung tablet how i hook tablet tv can add keyboard samsung tablet how i turn keyboard tablet can add keyboard samsung tablet how i change keyboard samsung galaxy tab a can add keyboard samsung tablet how i minimize keyboard samsung tablet can i connect keyboard tablet can i use tablet second screen can i connect keyboard tablet can i use smartphone mouse can i connect keyboard tablet how i connect android keyboard laptop
query	224	hold tea mason jar make lantern how make simple paper lantern how make paper sailboat how make chinese paper lanterns are chinese lanterns illegal how make chinese paper lanterns what chinese lanterns made how make chinese paper lanterns how draw green lantern how make lantern minecraft what gives light minecraft how make lantern minecraft can hold lantern minecraft how make lantern minecraft how i make armor stand how sky lanterns work what happens sky lanterns burn how sky lanterns work why chinese lanterns fly how sky lanterns work are sky lanterns safe environment
query	225	freeze refrigerator strain freeze turkey broth drippings
query	226	look recipe submarine sandwich make sub sandwich
query	227	remove door panel volkswagen passat buy classic volkswagen
query	228	drink apple cider spice apple cider
query	229	keep labrador retriever care labrador retriever how take care labrador retriever how i keep labrador healthy are labradors easy take care what labradors eat are labradors easy take care are labs good house dogs are labradors easy take care are labs good indoor dogs are labradors high maintenance do labs bark lot are labradors high maintenance what annoying dog breed are labradors high maintenance do labs shed lot how much exercise labrador need day at age labs calm how much exercise labrador need day can labradors left alone 8 hours how much exercise labrador need day what age fully grown labrador
