query	1	have benchmarking
query	2	take bodybuilding take creatine for bodybuilding
query	3	brainstorm brainstorming have a brainstorming session without talking
query	4	start chain smoking
query	5	get funding funding get funding for a startup business
query	6	bleach hair back to brown hair coloring
query	7	stop at the scene of an accident hit and run report a hit and run
query	8	suggest a foreign language thats easy to learn language acquisition
query	9	help you come up with possible solutions mediation prepare for child custody mediation
query	10	do any aerobic physical activity pull up do a one arm pull up
query	11	know who do the spoof  spoofing attack
query	12	use on fabric spray painting
query	13	know japanese recipe ingredient translation translation refer to translation in spanish
query	14	forget all about my mother
query	15	remember back to the future
query	16	love that movie braveheart
query	17	give fives give me five
query	18	follow on the road stay organized on the road
query	19	leave our daughter help your daughter survive divorce
query	20	happen run fast run faster
query	21	prepare for a shakespeare play shakespeares plays
query	22	choose showtime simport in the sims 3 showtime
query	23	abandon so young
query	24	obsess striptease perform a striptease
query	25	forget take on me
query	26	come terms of endearment
query	27	watch the devil wears prada the devil wears prada
query	28	watch full episode of robot chicken the wizard of oz dress up as dorothy in the wizard of oz
query	29	watch movie with english subtitle the incredible hulk
query	30	make love with a girl the paper play the paper game war
query	31	reclaim the pyramid
query	32	see the spirits of people who have died the sixth sense
query	33	meet a good woman the tall man
query	34	lose today live for today
query	35	make trust trust me make a trust me parody
query	36	watch porco rosso ( 1992 ) porco rosso
query	37	love the colors of prom prom night get ready for prom night
query	38	find the name of a song  knowing be famous on the internet without your parents knowing
query	39	see krrish
query	40	win emmy law & order: special victims unit
query	41	release on dvd lost season 3
query	42	watch this video mary poppins
query	43	give baby shower make baby shower invitations
query	44	happen chernobyl disaster
query	45	become a f1 driver formula one get a formula one car in gran turismo 
query	46	attend ceremony graduation put on academic robes for a graduation ceremony
query	47	recommend honeymoon plan your honeymoon
query	48	apply for citizenship immigration apply for immigration to the usa
query	49	issue indictment islamic terrorism
query	50	raise dollars live aid
query	51	believe the exodus
query	52	win world war ii learn about world war ii
query	53	pevent flood help flood victims
query	54	create an anti gravity propulsion system anti-gravity
query	55	embed a sound in a html page html embed an svg in html
query	56	debug php use php console in ubuntu
query	57	teach english grammar learn english grammar
query	58	apply free education
query	59	get job satisfaction increase job satisfaction
query	60	say belief have a belief in reincarnation
query	61	teach tagalog language
query	62	support environmentalism and climate change awareness environmentalism
query	63	write the bibliography bibliography write a bibliography
query	64	send email box
query	65	prepare google maps use google maps
query	66	receive property insurance prepare a personal property insurance claim
query	67	use voip phone connect voip phone service to a home phone system
query	68	allow separation of church and state
query	69	pass indian institute of technology joint entrance examination
query	70	watch history of television complete the history of television quest on vfk
query	71	work acupuncture prepare for and receive acupuncture
query	72	improve apgar score read an apgar score
query	73	relieve asthma prevent asthma
query	74	treat back pain treat upper back pain
query	75	develop brain develop both hemispheres of the brain
query	76	suffer carpal tunnel syndrome treat carpal tunnel syndrome
query	77	identify dna collect dna
query	78	diagnose hepatitis c recognize hepatitis c symptoms
query	79	cause insomnia cure insomnia
query	80	donate kidney donate your kidney
query	81	increase naproxen
query	82	break pubis
query	83	evaluate respiratory system
query	84	boost self-esteem
query	85	cause shock overcome culture shock
query	86	care skin care for sensitive skin
query	87	overcome speech disorder get rid of a speech disorder
query	88	reduce spinal muscular atrophy
query	89	increase testosterone increase testosterone levels naturally
query	90	produce thyroid hormone study the functions of the thyroid hormone in humans
query	91	stop trichinosis
query	92	prevent urinary incontinence treat urinary incontinence in cats
query	93	donate blood type determine your blood type
query	94	wear adidas keep white adidas superstar shoes clean
query	95	use aol use aol dictionary
query	96	drink bacardi make a bacardi cocktail
query	97	sell big oil
query	98	own bp use the bpi app on android
query	99	play carolina panthers
query	100	win chicago white sox be a chicago white sox fan
query	101	watch espn watch espn online
query	102	call fedex contact fedex
query	103	watch fifa watch fifa world cup online
query	104	sell ford motor company
query	105	join ibm install ibm java on ubuntu linux
query	106	build isuzu motors
query	107	support liberal party of canada
query	108	join little league baseball
query	109	win los angeles lakers
query	110	announce retirement major league baseball
query	111	perform ballad maroon 5
query	112	buy makeup maybelline
query	113	win the championship miami heat
query	114	unlock motorola c975 motorola unlock motorola phones with windows
query	115	take complaint nvidia update nvidia drivers
query	116	treat animals people for the ethical treatment of animals
query	117	win tournament pga tour
query	118	operate route singapore airlines
query	119	get insurance tiscali
query	120	extend visa visa inc.
query	121	apply for a job walmart get a job at walmart
query	122	apply for a job  university of houston
query	123	work lawyer abraham lincoln make an abraham lincoln costume
query	124	pass a turing test alan turing
query	125	discover secrets aristotle
query	126	study relationship barbie hsu
query	127	play villain batman play lego batman  the videogame
query	128	idolise family british royal family
query	129	sings jazz diana ross
query	130	provide scoring jason kidd
query	131	splits  jean-claude van damme
query	132	died on a tree jesus pray to jesus
query	133	listen  johann sebastian bach
query	134	watch premiere kathy griffin
query	135	left money luther vandross
query	136	visit pope pope benedict xvi
query	137	become man prince charming stop waiting for prince charming
query	138	win season roger federer
query	139	find hidden talent samuel beckett
query	140	beat niculescu serena williams
query	141	sing music tink pretend to be like silvermist from tinkerbell movies
query	142	live with passion tony robbins
query	143	become warming vin diesel
query	144	hold mesino acapulco
query	145	take crudes angola
query	146	establish welfare british columbia
query	147	fire naphtha chennai reach madurai from chennai through road transport
query	148	buy a beginner drum set cincinnati play cincinnati poker
query	149	provide meals dormitory stay in a dormitory hotel without trouble
query	150	visit egypt get a tourist visa for egypt
query	151	build egyptian pyramids draw the egyptian pyramids
query	152	go finland
query	153	look for a job  glasgow become a licensed taxi driver in glasgow
query	154	live in greece greece learn about ancient greece
query	155	use wireless hawaii work on a cruise ship in hawaii
query	156	go on a trek himalayas go trekking in the himalayas
query	157	discuss iran threat iran visit iran
query	158	locate kansas city be a kansas city chiefs fan
query	159	get into a bar in kelowna kelowna
query	160	  kings island
query	161	reach lake lake of the ozarks
query	162	migrate melbourne visit melbourne
query	163	compare to other african city mombasa
query	164	climb mount everest buy your way onto a mount everest expedition
query	165	see local laws and customs north korea
query	166	stay at the carlton hotel prague prague vacation in prague
query	167	book vacation punta cana
query	168	find rocky mountains
query	169	leave san francisco international airport
query	170	drive a car saudi arabia drive in kingdom of saudi arabia
query	171	develop south india make a typical south indian seasoning for various dishes
query	172	get a greencard sudan
query	173	get some scenic views over tehran tehran
query	174	performs live in times square times square attend the new year s celebrations in times square
query	175	visit trinidad tobago from nigeria trinidad and tobago
query	176	take deliveries west indies
query	177	make lager rename villagers in minecraft
query	178	have pretzel make pretzels
query	179	cook beetroot choose beetroot
query	180	produce boric acid insert boric acid suppositories
query	181	make pancake buttermilk make buttermilk pancakes
query	182	play chess on internet  chess play chess
query	183	fix chrysler neon
query	184	take clenbuterol
query	185	clean copper pan copper clean copper
query	186	buy raw milk product dairy product give up dairy products
query	187	drink diet coke make diet coke chicken
query	188	drink diet soda if have diabetes diet drink
query	189	switch off ethernet hub
query	190	buy ford aerostar
query	191	play french horn play the french horn
query	192	drive a manual transmission gear stick
query	193	refrigerate goat meat cook goat meat
query	194	recommend guitar amplifier maintain a guitar amplifier
query	195	use hair dryer remove a dent in car with a hair dryer
query	196	sell handbag buy handbags on ebay
query	197	connect to the computer hard disk drive diagnose a computer hard disk drive
query	198	hear baby 's heartbeat heart rate monitor
query	199	download hollywood video
query	200	build hybrid vehicle
query	201	recognize by xp computer imac buy ram for your imac
query	202	rent a jet ski jet ski winterize a jet ski
query	203	wash laundry detergent clean up spilled laundry detergent
query	204	drive lincoln town car
query	205	upgrade macbook pro upgrade ram on a macbook pro
query	206	get a large jar marmite eat marmite
query	207	make mentos react with coke mentos make a diet coke and mentos rocket
query	208	know metal gear solid play metal gear solid
query	209	make dessert nutella make a nutella banana dessert
query	210	have a golden pocket watch pocket watch wear a pocket watch
query	211	make faster porsche 911
query	212	install replacement window install replacement windows
query	213	cut stained glass make stained glass
query	214	recharge automotive battery
query	215	bake banana bread make banana bread
query	216	serve barbecue sauce make barbecue sauce
query	217	buy a dvd camcorder camcorder use a camcorder
query	218	replace central heating install central heating
query	219	indicate popularity chardonnay
query	220	remove mascara eye shadow wear peach eye shadow
query	221	put on fake eyelash eyelash extensions apply eyelash extensions
query	222	use acrylic paint lacquer spray lacquer
query	223	make lockheed c-5 galaxy
query	224	hold tea mason jar decorate a mason jar
query	225	freeze refrigerator clean a refrigerator
query	226	look for the recipe  submarine sandwich
query	227	remove the door panel  volkswagen passat
query	228	drink apple cider drink apple cider vinegar
query	229	keep labrador retriever select a labrador retriever
