question	1	what mean benchmarking what benchmarking used what four types benchmarking what benchmarking simple terms what four types benchmarking
question	2	which supplements i take bodybuilding does creatine cause hair loss when i take bodybuilding supplements what i take maximum muscle growth when i take bodybuilding supplements
question	3	what 4 rules brainstorming what another word brainstorming how brainstorm can brainstorm how brainstorm
question	4	what considered chain smoking is ok smoke 2 cigarettes day how many cigarettes chain smoker smoke day what age smokers die how many cigarettes chain smoker smoke day
question	5	how get funding charity how i apply charitable grant what source funding what types funding what source funding
question	6	can i dye hair brown bleaching does dying hair brown damage how dye blonde hair back brown how i get natural hair colour back naturally how dye blonde hair back brown
question	7	stop scene accident hit run
question	8	why difficult learn foreign language is english hard foreigners learn what best age learning foreign language what advantages learning foreign language early age what best age learning foreign language
question	9	how i successful mediation what success rate mediation what 5 steps mediation what happens mediation doesnt work what 5 steps mediation
question	10	how aerobic exercise affect muscles is running aerobic anaerobic what decreases aerobic exercise what fuel used aerobic exercise what decreases aerobic exercise
question	11	what spoofing attack what mean spoofing how spoofing attack occur can text messages spoofed how spoofing attack occur
question	12	how spray paint fabric can put fabric paint spray bottle what spray paint best fabric how long spray paint take dry fabric what spray paint best fabric
question	13	what washoku what oil japanese cook what traditional japanese foods is rude eat fork japan what traditional japanese foods
question	14	why mother important life what makes mother mother why mother important life what role mother why mother important life
question	15	remember back future
question	16	who wife braveheart did robert bruce really betray wallace what movie song love princess what song braveheart what movie song love princess
question	17	give fives give five
question	18	what rules crossing road what rules followed crossing road what purpose rules road what first rule driving what purpose rules road
question	19	why parents abandon child how many fathers leave families can i leave 9 year old home alone how long can 9 year olds stay home alone can i leave 9 year old home alone
question	20	what happens run fast does running burn fat do long runs make faster what foods make run faster do long runs make faster
question	21	why shakespeare use blank verse what example blank verse should i use accent audition what monologue should i use accent audition
question	22	can get showtime is showtime free amazon prime what channels showtime is showtime good channel what channels showtime
question	23	why birds abandon young do birds abandon eggs touched can legally abandon child what abandonment child can legally abandon child
question	24	obsess striptease
question	25	forget take
question	26	come terms endearment
question	27	watch devil wears prada devil wears prada
question	28	watch full episode robot chicken wizard oz
question	29	watch movie english subtitle incredible hulk
question	30	make love girl paper
question	31	are pyramid schemes illegal why pyramid scheme illegal is arbonne pyramid scheme is mary kay mlm is arbonne pyramid scheme
question	32	what movie says i see dead people what 6th sense called what story the sixth sense who child actor sixth sense what story the sixth sense
question	33	meet good woman tall man
question	34	is healthy eat one meal day does fasting slow metabolism can lose weight eating day can lose weight eating can lose weight eating day
question	35	make trust trust
question	36	watch porco rosso 1992 porco rosso
question	37	what best color wear prom how i find right prom dress body type what common prom dress color can wear black dress prom what common prom dress color
question	38	how i find song name can google identify songs how i identify song can siri identify song humming how i identify song
question	39	who hero krrish 3 what story krrish 3 where krrish shot india what hrx hrithik roshan where krrish shot india
question	40	win emmy law order special victims unit
question	41	what happens lost series is lost series netflix how many hours lost what longest binge watch how many hours lost
question	42	watch video mary poppins
question	43	who plans baby shower do open gifts baby shower what happens baby shower are baby showers held saturday sunday what happens baby shower
question	44	is chernobyl reactor 4 still burning how long survive chernobyl how bad chernobyl disaster how many people chernobyl kill how bad chernobyl disaster
question	45	how become f1 driver do f3 drivers get paid can watch formula 1 amazon prime can watch f1 amazon fire stick can watch formula 1 amazon prime
question	46	do attend graduation ceremony do get keep cap gown does open university graduation ceremony do graduation ceremony hnc does open university graduation ceremony
question	47	which country best honeymoon what cheapest honeymoon destination what top 10 honeymoon destinations what romantic honeymoon destination what top 10 honeymoon destinations
question	48	how i apply british citizenship what documents i need apply citizenship how long indefinite leave remain i apply citizenship is naturalisation citizenship how long indefinite leave remain i apply citizenship
question	49	issue indictment islamic terrorism
question	50	how much money live aid raise us dollars did michael jackson live aid how much live aid raise uk how much money live aid generate how much live aid raise uk
question	51	believe exodus
question	52	which country world war two how many people died wwii did allies win world war 2 why germany lose wwi did allies win world war 2
question	53	pevent flood
question	54	can make anti gravity does zero gravity exist how anti gravity work is gravity really force how anti gravity work
question	55	embed sound html page html
question	56	how i debug php what php functions how i debug using xdebug what xdebug used how i debug using xdebug
question	57	how i start teaching english grammar beginners how many words basic english how i improve english grammar vocabulary how i start grammar how i improve english grammar vocabulary
question	58	what free school mean are public schools free is nursery free uk can i get 2 year old funding is nursery free uk
question	59	what satisfied job how i happier work what happiest jobs what depressing jobs what happiest jobs
question	60	what concept belief what attitudes what belief example what belief statement what belief example
question	61	teach tagalog language
question	62	what example environmentalism what environmentalists goals what difference conservation environmentalism what difference conservation preservation what difference conservation environmentalism
question	63	how i write bibliography how write bibliography school project what bibliography example what mean bibliography what bibliography example
question	64	can email files box how send email attachment how i create send email how i fix outlook sending emails how i create send email
question	65	how i create google map pins what difference google maps google my maps how i use google maps what google maps lady name how i use google maps
question	66	what covered building insurance can claim roof repairs insurance is best get buildings contents insurance together how much property insurance i need is best get buildings contents insurance together
question	67	can i use regular phone voip can use normal phone voip how voip phone work is whatsapp voip how voip phone work
question	68	what constitution say separation church state how many times god mentioned constitution where separation church state come what purpose separation church state where separation church state come
question	69	how i get admission iit entrance exam can cheat jee mains what entrance exams iit can join iit 10th what entrance exams iit
question	70	watch history television
question	71	does acupuncture really work does acupuncture reduce inflammation what acupuncture used can acupuncture damage nerves what acupuncture used
question	72	what apgar scores predict what apgar score birth what 5 apgar scores what apgar score 6 mean what 5 apgar scores
question	73	what helps asthma naturally what drink good asthma what best treatment asthma is coffee good asthma what best treatment asthma
question	74	what best treatment lower back pain how i stop lower back hurting how i get rid back pain how i relax back muscles how i get rid back pain
question	75	how brain develop what part brain controls memory what stage brain develop what critical periods brain development what stage brain develop
question	76	what happen carpal tunnel syndrome treated is carpal tunnel disability what causes carpal tunnel flare what foods help carpal tunnel what causes carpal tunnel flare
question	77	how dna identify person is dna admissible court what considered dna what exactly dna what considered dna
question	78	what blood test shows hep c who tested hcv can hep c found routine blood tests can get hep c saliva can hep c found routine blood tests
question	79	what main cause insomnia is insomnia mental illness how i stop insomnia what 3 types insomnia how i stop insomnia
question	80	what side effects donating kidney is donating kidney painful how much cost donate kidney do i get paid donate kidney how much cost donate kidney
question	81	is naproxen strong painkiller can i drink alcohol naproxen is taking naproxen dangerous is safe take naproxen every day is taking naproxen dangerous
question	82	can break pubis is bone groin can walk around broken pelvis can pelvic fracture cause incontinence can walk around broken pelvis
question	83	how respiratory system measured what 5 main functions respiratory system what included respiratory assessment is 30 breaths minute normal what included respiratory assessment
question	84	boost self esteem
question	85	what main causes shock what common signs shock what mean go shock how long shock last what mean go shock
question	86	how i take care skin what food causes pimples what good skin care routine what number 1 skincare brand what good skin care routine
question	87	what neurological disorders cause speech problems what three basic types speech impairments what causes speech disorders can anxiety cause aphasia what causes speech disorders
question	88	is spinal muscular atrophy curable what two types atrophy what life expectancy someone spinal muscular atrophy does spinal muscular atrophy affect brain what life expectancy someone spinal muscular atrophy
question	89	which foods increase testosterone can testosterone increase size which foods kill testosterone does exercise increase testosterone which foods kill testosterone
question	90	what hormone thyroid gland produce what main cause thyroid problems what needed thyroid hormone production how increase thyroid function what needed thyroid hormone production
question	91	can get rid trichinosis how tell trichinosis does freezing pork kill trichinosis what happens accidentally eat raw pork does freezing pork kill trichinosis
question	92	prevent urinary incontinence
question	93	which blood type high demand who cannot donate blood is o a universal donor why o positive common is o a universal donor
question	94	wear adidas
question	95	does anybody still use aol is aol still good email provider what aol com used do i need pay aol mail what aol com used
question	96	drink bacardi
question	97	sell big oil
question	98	who bp owned where bp headquarters is bp owned british what bp originally called is bp owned british
question	99	what carolina panther owner who owns bank america stadium who bought carolina panthers has carolina ever superbowl who bought carolina panthers
question	100	win chicago white sox
question	101	can stream espn free can watch espn amazon prime can watch espn espn app what channel espn app can watch espn espn app
question	102	how i call fedex how i speak human fedex can i call fedex package what happens fedex cannot deliver package can i call fedex package
question	103	watch fifa
question	104	who owns ford motor company is mazda owned ford what companies owned ford does ford aston martin what companies owned ford
question	105	what ibm partner what ibm cloud called how i get ibm id what w3id how i get ibm id
question	106	build isuzu motors
question	107	what liberal party stand canada what conservatives stand what liberal party slogan is liberal left right what liberal party slogan
question	108	how much cost play little league baseball who lowest paid major league baseball player how start little league program how i start youth sports organization what age groups little league baseball
question	109	how many wins lakers how many times kobe miss playoffs why la lakers called lakers what best lakers team why la lakers called lakers
question	110	announce retirement major league baseball
question	111	perform ballad maroon 5
question	112	where maybelline located is maybelline lipstick made china how i contact maybelline uk is maybelline superstay discontinued how i contact maybelline uk
question	113	has miami heat championship who nba rings when miami heat win championship has nba team 4 championships row when miami heat win championship
question	114	unlock motorola c975 motorola
question	115	where headquarters nvidia does asus nvidia what nvidia computer is geforce free what nvidia computer
question	116	what peta stop animal cruelty do animals rights does peta approve pets how many animals peta save does peta approve pets
question	117	who pga tournaments is tiger woods golf hall fame how many wins tiger woods pga tour how rare hole one how many wins tiger woods pga tour
question	118	operate route singapore airlines
question	119	get insurance tiscali
question	120	extend visa visa inc.
question	121	how i apply job walmart how long take get hired walmart can i apply job walmart person how long lunch break walmart can i apply job walmart person
question	122	apply job university houston
question	123	work lawyer abraham lincoln
question	124	has robot passed turing test how many computers passed turing test what mean pass turing test what purpose turing test what mean pass turing test
question	125	discover secrets aristotle
question	126	study relationship barbie hsu
question	127	who villain batman who first super villain who gonna play new batman is affleck leaving batman who gonna play new batman
question	128	why england royal family does royal family get paid what hrh royal family is meghan markle princess what hrh royal family
question	129	sings jazz diana ross
question	130	what position jason kidd did jason kidd get fired is jason kidd hall famer what jason kidd net worth is jason kidd hall famer
question	131	how much jean claude van damme worth what tom cruise worth
question	132	is jesus tree life what tree life bible version how many trees mentioned bible why fig tree important bible how many trees mentioned bible
question	133	what bach famous works what bach favorite instrument why bach famous who best composer time why bach famous
question	134	watch premiere kathy griffin
question	135	left money luther vandross
question	136	why pope benedict xvi resign what pope benedict when pope visit glasgow has pope ever england when pope visit glasgow
question	137	become man prince charming
question	138	what grand slams federer win who greatest tennis player time what years federer win wimbledon what serena williams net worth what years federer win wimbledon
question	139	find hidden talent samuel beckett
question	140	beat niculescu serena williams
question	141	what tinks net worth what tink mean twitter who tink father what tink real name who tink father
question	142	live passion tony robbins
question	143	what happened vin diesel stunt double how much stunt doubles make why vin diesel name daughter pauline is vin diesel daughter named paul why vin diesel name daughter pauline
question	144	hold mesino acapulco
question	145	does angola oil refineries is angola rich poor is angola member opec is angola richer nigeria is angola member opec
question	146	how much person get welfare bc how much money get welfare canada how much single mother get welfare bc can i get welfare i live boyfriend how much single mother get welfare bc
question	147	fire naphtha chennai
question	148	how much beginner drum set are drums hard learn what best drum set beginner are drums easy learn what best drum set beginner
question	149	what i cook dorm room can toaster dorm what eat college dorms how much money college student need food what eat college dorms
question	150	is safe visit egypt 2019 do i need visa egypt is egypt safe travel what i wear egypt woman is egypt safe travel
question	151	how egyptians build pyramids what pyramids made who actually built pyramids how many pyramids world who actually built pyramids
question	152	go finland
question	153	look job glasgow
question	154	is safe live greece can i buy property greece how much money need retire greece is healthcare greece free how much money need retire greece
question	155	is hawaii covered verizon wireless does cost extra call hawaii do cell phones work hawaii does tmobile charge roaming hawaii do cell phones work hawaii
question	156	how i get himalayas how high himalayas when hike himalayas what best treks nepal when hike himalayas
question	157	what countries allies iran are iraq iran allies does iran nuclear weapons what countries support iran does iran nuclear weapons
question	158	where exactly kansas city why 2 kansas cities what kansas city situated what kansas famous what kansas city situated
question	159	get bar kelowna kelowna
question	160	how much kings island tickets kroger how i save money kings island how much cost get kings island what age free kings island how much cost get kings island
question	161	reach lake lake ozarks
question	162	how i move melbourne is melbourne good place live can emigrate australia 50 what cut age moving australia can emigrate australia 50
question	163	is kenya better south africa which intelligent country africa what nicest city africa what cleanest city africa what nicest city africa
question	164	how much cost climb mount everest how much sherpas make how long take climb mount everest can beginners climb everest how long take climb mount everest
question	165	what customs north korea what main religion north korea are allowed visit north korea is alcohol legal north korea are allowed visit north korea
question	166	stay carlton hotel prague prague
question	167	is punta cana safe how i avoid getting sick punta cana does booking com all inclusive include flights does inclusive mean eat does booking com all inclusive include flights
question	168	where rocky mountains located where rocky mountains start how far rocky mountains reach how many states rocky mountains cover how far rocky mountains reach
question	169	which terminal international terminal sfo is terminal 1 domestic international how i get san francisco airport is san francisco safe night how i get san francisco airport
question	170	can foreigners drive saudi arabia what country youngest driving age what side road drive saudi arabia what speed limit saudi arabia what side road drive saudi arabia
question	171	is south india developed which richest city south india is north india developed south india is tamil nadu bigger karnataka is north india developed south india
question	172	get greencard sudan
question	173	what beautiful city iran can tourists drink alcohol iran what beautiful city iran can drink alcohol iran what beautiful city iran
question	174	who performing times square new year eve why kiss midnight where i watch ball drop times square what channel i watch ball drop nyc where i watch ball drop times square
question	175	does nigerian need visa trinidad tobago how much nigerian visa how many hours nigeria trinidad tobago how far trinidad nigeria do need visa visit trinidad tobago
question	176	take deliveries west indies
question	177	how lager beer made is stella artois lager how long take make lager is cheaper brew beer how long take make lager
question	178	are pretzels healthy snack are pretzels healthier chips are pretzels religious what pretzel emoji mean are pretzels religious
question	179	cook beetroot
question	180	what boric acid made is boric acid good skin is boric acid safe humans what insects boric acid kill is boric acid safe humans
question	181	make pancake buttermilk
question	182	can play chess online can king take queen what best online chess game what benefits playing chess what best online chess game
question	183	fix chrysler neon
question	184	will clenbuterol burn belly fat do steroids make lose weight is clen illegal what athletes use clenbuterol is clen illegal
question	185	how remove oxidation copper does brasso clean copper how clean copper bottom pans how restore copper pans how clean copper bottom pans
question	186	can buy raw milk does raw milk taste different can buy raw milk uk can drink milk straight cow udder can buy raw milk uk
question	187	how bad diet coke does coke zero make gain weight what happens drink diet coke what drinking diet soda body what happens drink diet coke
question	188	can i drink diet soda i diabetes can diabetics drink coke zero what drinks ok diabetics is tomato juice good diabetics what drinks ok diabetics
question	189	switch ethernet hub
question	190	buy ford aerostar
question	191	how french horn played who best french horn player is french horn difficult play what hardest brass instrument play is french horn difficult play
question	192	drive manual transmission gear stick
question	193	is demand goat meat why goat meat expensive how long keep raw mutton fridge can eat 2 year old frozen meat how long keep raw mutton fridge
question	194	what best guitar amp home use do tube amps sound better what best small guitar amplifier is 50 watts enough gig what best small guitar amplifier
question	195	is good use hair dryer is air drying hair bad why use hair dryer what side effects hair dryer why use hair dryer
question	196	where i sell used handbags can finance louis vuitton where i buy authentic designer bags online how tell real louis vuitton bag where i buy authentic designer bags online
question	197	how i connect desktop hard drive laptop can use desktop external hard drive laptop how connect hard drive computer what mean hard disk how connect hard drive computer
question	198	hear baby heartbeat heart rate monitor
question	199	download hollywood video
question	200	what makes car hybrid how long batteries last hybrid car what full hybrid vehicle how many volts hybrid car what full hybrid vehicle
question	201	how i get mac recognize printer how i enable airprint how i connect pc mac can i connect windows laptop imac how i connect pc mac
question	202	rent jet ski jet ski
question	203	what best detergent washing clothes how i get laundry smell really good can put detergent directly washer can i wash clothes without detergent can put detergent directly washer
question	204	are lincoln town cars good cars what year stop making lincoln town car how many miles lincoln town cars last do still make lincoln town car how many miles lincoln town cars last
question	205	how i upgrade mac latest version how i update old macbook can upgrade ssd macbook pro what best ssd macbook pro can upgrade ssd macbook pro
question	206	why marmite banned can eat much marmite is marmite sold us does marmite taste like vegemite is marmite sold us
question	207	make mentos react coke mentos
question	208	know metal gear solid
question	209	make dessert nutella
question	210	how much gold pocket watch worth what 17 jewels watches how i tell pocket watch gold how open back pocket watch how i tell pocket watch gold
question	211	make faster porsche 911
question	212	do install replacement windows inside outside how i install operating system what average cost replace windows home how much home depot charge install window what average cost replace windows home
question	213	cut stained glass
question	214	can recharge car battery will car battery recharge let sit how long take recharge car battery how long leave car running battery dies how long take recharge car battery
question	215	bake banana bread
question	216	serve barbecue sauce
question	217	buy dvd camcorder camcorder
question	218	how much cost replace heating system when i replace heating system do i need replace radiators new boiler does changing radiators make difference do i need replace radiators new boiler
question	219	what popular chardonnay what nice chardonnay what characteristics chardonnay should chill chardonnay what characteristics chardonnay
question	220	remove mascara eye shadow
question	221	can put fake eyelashes eyelash extensions are eyelash extensions worth money do fake lashes ruin real lashes do eyelashes grow back extensions do fake lashes ruin real lashes
question	222	what difference acrylic lacquer paint does lacquer paint need clear coat what acrylic lacquer paint is lacquer waterproof what acrylic lacquer paint
question	223	make lockheed c 5 galaxy
question	224	hold tea mason jar
question	225	why everything freezing refrigerator why fridge cold freezer how i stop fridge freezing why refrigerator coils freeze how i stop fridge freezing
question	226	look recipe submarine sandwich
question	227	remove door panel volkswagen passat
question	228	can i drink apple cider vinegar everyday how drink apple cider what benefits drinking apple cider does apple cider vinegar detox body what benefits drinking apple cider
question	229	how keep labrador dog how often wash dog are labradors high maintenance do labradors bark lot are labradors high maintenance
