query	1	benchmarking is the practice of comparing business processes and performance metrics to industry bests and best practices from other companies. dimensions typically measured are quality, time and cost.  benchmarking is used to measure performance using a specific indicator  cost per unit of measure, productivity per unit of measure, cycle time of x per unit of measure or defects per unit of measure  resulting in a metric of performance that is then compared to others
query	2	bodybuilding is the use of progressive resistance exercise to control and develop one s musculature for aesthetic purposes. an individual who engages in this activity is referred to as a bodybuilder. in competitive bodybuilding, bodybuilders appear in lineups and perform specified poses  and later individual posing routines  for a panel of judges who rank the competitors based on criteria such as symmetry, muscularity, size, conditioning, posing, and stage presentation
query	3	brainstorming is a group creativity technique by which efforts are made to find a conclusion for a specific problem by gathering a list of ideas spontaneously contributed by its members. in other words, brainstorming is a situation where a group of people meet to generate new ideas and solutions around a specific domain of interest by removing inhibitions. people are able to think more freely and they suggest as many spontaneous new ideas as possible
query	4	chain smoking is the practice of smoking several cigarettes in succession, sometimes using the ember of a finished cigarette to light the next. the term chain smoker often also refers to a person who smokes relatively constantly, though not necessarily chaining each cigarette. the term applies primarily to cigarettes, although it can be used to describe incessant cigar and pipe smoking as well
query	5	funding is the act of providing resources to finance a need, program, or project. while this is usually in the form of money, it can also take the form of effort or time from an organization or company. generally, this word is used when a firm uses its internal reserves to satisfy its necessity for cash, while the term financing is used when the firm acquires capital from external sources
query	6	hair coloring, or hair dyeing, is the practice of changing the hair color. the main reasons for this are cosmetic  to cover gray or white hair, to change to a color regarded as more fashionable or desirable, or to restore the original hair color after it has been discolored by hairdressing processes or sun bleaching. hair coloring can be done professionally by a hairdresser or independently at home
query	7	in traffic laws, a hit and run is the act of causing  a traffic accident and not stopping afterwards. it is considered a supplemental crime in most jurisdictions.
query	8	language acquisition is the process by which humans acquire the capacity to perceive and comprehend language  in other words, gain the ability to be aware of language and to understand it , as well as to produce and use words and sentences to communicate. language acquisition involves structures, rules and representation. the capacity to successfully use language requires one to acquire a range of tools including phonology, morphology, syntax, semantics, and an extensive vocabulary
query	9	mediation is a dynamic, structured, interactive process where an impartial third party assists disputing parties in resolving conflict through the use of specialized communication and negotiation techniques. all participants in mediation are encouraged to actively participate in the process. mediation is a  party centered  process in that it is focused primarily upon the needs, rights, and interests of the parties
query	10	a pull up is an upper body strength exercise. the pull up is a closed chain movement where the body is suspended by the hands and pulls up. as this happens, the elbows flex and the shoulders adduct and extend to bring the elbows to the torso
query	11	in the context of information security, and especially network security, a spoofing attack is a situation in which a person or program successfully identifies as another by falsifying data, to gain an illegitimate advantage.
query	12	spray painting is a painting technique where a device sprays a coating  paint, ink, varnish, etc.  through the air onto a surface. the most common types employ compressed gas usually air to atomize and direct the paint particles
query	13	translation is the communication of the meaning of a source language text by means of an equivalent target language text. the english language draws a terminological distinction  which does not exist in every language  between translating  a written text  and interpreting  oral or signed communication between users of different languages   under this distinction, translation can begin only after the appearance of writing within a language community. a translator always risks inadvertently introducing source language words, grammar, or syntax into the target language rendering
query	14	all about my mother  spanish  todo sobre mi madre  is a 1999 spanish drama film written and directed by pedro almod var, and starring cecilia roth, marisa paredes, antonia san juan, pen lope cruz and candela pe a. the plot originates in almod var s earlier film the flower of my secret  1995  which shows student doctors being trained in how to persuade grieving relatives to allow organs to be used for transplant, focusing on the mother of a teenager killed in a road accident. all about my mother deals with complex issues such as aids, homosexuality, transsexualism, faith, and existentialism
query	15	back to the future is a 1985 american science fiction film directed by robert zemeckis and written by zemeckis and bob gale. it stars michael j. fox as teenager marty mcfly, who accidentally travels back in time from 1985 to 1955, where he meets his future parents and becomes his mother s romantic interest
query	16	braveheart is a 1995 american epic war film directed and co produced by mel gibson, who portrays william wallace, a late 13th century scottish warrior. the film is fictionally based on the life of wallace leading the scots in the first war of scottish independence against king edward i of england. the film also stars sophie marceau, patrick mcgoohan and catherine mccormack
query	17	 give me five is the 25th single by the japanese girl idol group akb48. it is also akb48 s fifth sakura themed single, and their first single of 2012. this single was released in japan on february 15, 2012
query	18	on the road is a 1957 novel by american writer jack kerouac, based on the travels of kerouac and his friends across the united states. it is considered a defining work of the postwar beat and counterculture generations, with its protagonists living life against a backdrop of jazz, poetry, and drug use.  the novel is a roman   clef, with many key figures of the beat movement, such as william s
query	19	our daughter is a 1981 cameroonian drama film directed by daniel kamwa. it was entered into the 12th moscow international film festival. the film was also selected as the cameroonian entry for the best foreign language film at the 53rd academy awards, but was not accepted as a nominee
query	20	run fast is the debut album by the julie ruin, released on september 3, 2013. track 3,  just my kind,  was mixed by james murphy of lcd soundsystem.  
query	21	shakespeare s plays have the reputation of being among the greatest in the english language and in western literature. traditionally, the plays are divided into the genres of tragedy, history, and comedy  they have been translated into every major living language, in addition to being continually performed all around the world. many of his plays appeared in print as a series of quartos, but approximately half of them remained unpublished until 1623, when the posthumous first folio was published
query	22	showtime is a 2002 american buddy cop  action comedy film directed by tom dey. the film stars robert de niro and eddie murphy in the lead roles alongside rene russo, william shatner, pedro damian and de niro s real life daughter drena de niro. the film was released in the united states on march 15, 2002
query	23	so young is a 2013 chinese drama film directed by zhao wei. it is based on the best selling novel of the same name to our youth that is fading away by xin yiwu. the film is zhao s directorial debut
query	24	striptease is a 1996 american erotic black comedy film directed, co produced and written by andrew bergman, and starring demi moore, armand assante, ving rhames, robert patrick and burt reynolds. based on carl hiaasen s novel of the same name, the film centers on an fbi secretary turned stripper who becomes involved in both a child custody dispute and corrupt politics. striptease was released theatrically on june 28, 1996, by columbia pictures and was universally panned by critics, and won several golden raspberry awards, including worst picture
query	25	 take on me  is a song by norwegian synthpop band a ha, first released in 1984. the original version was produced by tony mansfield, and remixed by john ratcliff. a new version was produced by alan tarney for the group s debut studio album hunting high and low  1985 
query	26	terms of endearment is a 1983 american comedy drama film adapted from larry mcmurtry s 1975 novel, directed, written, and produced by james l. brooks, and starring shirley maclaine, debra winger, jack nicholson, danny devito, jeff daniels, and john lithgow. the film covers 30 years of the relationship between aurora greenway  maclaine  and her daughter emma  winger 
query	27	the devil wears prada is a 2006 american comedy drama film directed by david frankel and produced by wendy finerman. the screenplay, written by aline brosh mckenna, is based on lauren weisberger s 2003 novel of the same name. the film adaptation stars meryl streep as miranda priestly, a powerful fashion magazine editor, and anne hathaway as andrea  andy  sachs, a college graduate who goes to new york city and lands a job as priestly s co assistant
query	28	the wizard of oz is a 1939 american musical fantasy film produced by metro goldwyn mayer. widely regarded to be one of the greatest films in cinema history, it is the most commercially successful adaptation of l. frank baum s 1900 children s fantasy novel the wonderful wizard of oz
query	29	the incredible hulk is a 2008 american superhero film based on the marvel comics character the hulk, produced by marvel studios and distributed by universal pictures. it is the second film in the marvel cinematic universe  mcu . the film was directed by louis leterrier, with a screenplay by zak penn
query	30	the paper is a 1994 american comedy drama film directed by ron howard and starring michael keaton, glenn close, marisa tomei, randy quaid and robert duvall. it received an academy award nomination for best original song for  make up your mind , which was written and performed by randy newman. the film depicts a hectic 24 hours in a newspaper editor s professional and personal life
query	31	the pyramid is a 2014 american found footage supernatural horror film directed by gr gory levasseur, in his directorial debut, produced by alexandre aja, and distributed by 20th century fox. the plot follows an archaeological team attempting to unlock the secrets of a lost pyramid only to find themselves hunted by an insidious creature, and stars ashley hinshaw, denis o hare, james buckley and daniel amerman. the pyramid was released on december 5, 2014, and was negatively received by critics
query	32	the sixth sense is a 1999 american supernatural psychological thriller film written and directed by m. night shyamalan. the film tells the story of cole sear  haley joel osment , a boy who is able to see and talk to the dead, and malcolm crowe  bruce willis , a child psychologist who tries to help him
query	33	the tall man is a 2011 australian documentary directed by tony krawitz. it is about the death of cameron  mulrunji  doomadgee in police custody on palm island, queensland on 19 november 2004.  
query	34	today, also called the today show, is an american news and talk morning television show that airs on nbc. the program debuted on january 14, 1952. it was the first of its genre on american television and in the world, and after 68 years of broadcasting it is the fifth longest running american television series
query	35	trust me is a 2013 american comedy drama film written and directed by clark gregg and starring gregg, amanda peet, sam rockwell, and saxon sharbino. it debuted at the tribeca film festival in april 2013 and entered limited theatrical release in the united states in june 2014.  
query	36	porco rosso is a 1992 japanese animated comedy adventure film written and directed by hayao miyazaki. it is  based on hik tei jidai   the age of the flying boat  , a three part watercolor manga by miyazaki. the film stars the voices of sh ichir  moriyama, tokiko kato, akemi okamura and akio  tsuka
query	37	prom night is a 1980 canadian slasher film directed by paul lynch, written by william gray, and starring jamie lee curtis and leslie nielsen. the plot follows a group of high school seniors who are targeted at their prom by a masked killer seeking vengeance for the accidental death of a young girl six years earlier. it features supporting performances from casey stevens, eddie benton, mary beth rubens and michael tough
query	38	knowing is a 2009 science fiction thriller film directed by alex proyas and starring nicolas cage. the project was originally attached to a number of directors under columbia pictures, but it was placed in turnaround and eventually picked up by escape artists. production was financially backed by summit entertainment
query	39	krrish is a 2006 indian hindi language superhero film directed, produced, and written by rakesh roshan, and starring hrithik roshan, priyanka chopra, rekha and naseeruddin shah. it is the second installment in the krrish franchise, being the continuation to koi.
query	40	law   order  special victims unit  often abbreviated to law   order  svu or just svu  is an american crime drama television series created by dick wolf for nbc. it stars mariska hargitay as captain olivia benson, the commanding officer of the special victims unit and formerly a lead detective, located in a fictionalized version of the new york city police department. christopher meloni played the other lead detective, elliot stabler, until departing from the series after 12 seasons
query	41	the third season of the american serial drama television series lost commenced airing in the united states and canada on october 4, 2006 and concluded on may 23, 2007.  the third season continues the stories of a group of over 40 people who have been stranded on a remote island in the south pacific, after their airplane crashed 68 days prior to the beginning of the season. in the lost universe, the season takes place from november 28 to december 21, 2004
query	42	mary poppins is a 1964 american musical fantasy film directed by robert stevenson and produced by walt disney, with songs written and composed by the sherman brothers. the screenplay is by bill walsh and don dagradi, based on p. l
query	43	a baby shower is a party of gift giving or a ceremony that has different names in different cultures. it celebrates the delivery or expected birth of a child or the transformation of a woman into a mother.
query	44	the chernobyl disaster was a nuclear accident that occurred on saturday 26 april 1986, at the no. 4 nuclear reactor in the chernobyl nuclear power plant, near the city of pripyat in the north of the ukrainian ssr. it is considered the worst nuclear disaster in history and is one of only two nuclear energy disasters rated at seven the maximum severity on the international nuclear event scale, the other being the 2011 fukushima daiichi nuclear disaster in japan
query	45	formula one  also known as formula 1 or f1  is the highest class of single seater auto racing sanctioned by the f d ration internationale de l automobile  fia  and owned by the formula one group. the fia formula one world championship has been one of the premier forms of racing around the world since its inaugural season in 1950. the word  formula  in the name refers to the set of rules to which all participants  cars must conform
query	46	graduation is the award of a diploma or academic degree, or the ceremony that is sometimes associated with it, in which students become graduates. the date of graduation is often called graduation day. the graduation ceremony itself is also sometimes called  commencement, convocation or invocation
query	47	a honeymoon is a holiday taken by newlyweds immediately after their wedding, to celebrate their marriage. today, honeymoons are often celebrated in destinations considered exotic or romantic.  
query	48	immigration is the international movement of people to a destination country of which they are not natives or where they do not possess citizenship in order to settle or reside there, especially as permanent residents or naturalized citizens, or to take up employment as a migrant worker or temporarily as a foreign worker.as for economic effects, research suggests that migration is beneficial both to the receiving and sending countries. research, with few exceptions, finds that immigration on average has positive economic effects on the native population, but is mixed as to whether low skilled immigration adversely affects low skilled natives
query	49	islamic terrorism, islamist terrorism or radical islamic terrorism are terrorist acts against civilians committed by violent islamists who claim a religious motivation.the largest numbers of incidents and fatalities caused by islamic terrorism have occurred in places like iraq, afghanistan, nigeria, pakistan, yemen and syria. in 2015 four islamic extremist groups were responsible for 74  of all deaths from islamic terrorism  isis, boko haram, the taliban and al qaeda, according to the global terrorism index 2016
query	50	live aid was a dual venue benefit concert held on saturday 13 july 1985, as well as an ongoing music based fundraising initiative. the original event was organised by bob geldof and midge ure to raise funds for relief of the ongoing ethiopian famine. billed as the  global jukebox , the event was held simultaneously at wembley stadium in london, england, united kingdom  attended by 72,000 people  and john f
query	51	the exodus is the charter myth of the israelites. spread over the books of exodus, leviticus, numbers, and deuteronomy, it tells the story of the enslavement of the israelites in ancient egypt, their liberation through the hand of their tutelary deity yahweh, the revelations at biblical mount sinai, and their wanderings in the wilderness up to the borders of canaan, the land their god has given them.its message is that israel was delivered from slavery by yahweh, and therefore belongs to him through the mosaic covenant
query	52	world war i  often abbreviated as wwi or ww1 , also known as the first world war or the great war, was a global war originating in europe that lasted from 28 july 1914 to 11 november 1918. contemporaneously described as  the war to end all wars , it led to the mobilisation of more than 70 million military personnel, including 60 million europeans, making it one of the largest wars in history. it is also one of the deadliest conflicts in history, with an estimated nine million combatants and seven million civilian deaths as a direct result of the war, while resulting genocides and the resulting 1918 influenza pandemic caused another 50 to 100 million deaths worldwide
query	53	a flood is an overflow of water that submerges land that is usually dry. in the sense of  flowing water , the word may also be applied to the inflow of the tide. floods are an area of study of the discipline hydrology and are of significant concern in agriculture, civil engineering and public health
query	54	anti gravity  also known as non gravitational field  is creating a place or object that is free from the force of gravity. it does not refer to the lack of weight under gravity experienced in free fall or orbit, or to balancing the force of gravity with some other force, such as electromagnetism or aerodynamic lift. anti gravity is a recurring concept in science fiction, particularly in the context of spacecraft propulsion
query	55	the hypertext transfer protocol  http  is an application protocol for distributed, collaborative, hypermedia information systems. http is the foundation of data communication for the world wide web, where hypertext documents include hyperlinks to other resources that the user can easily access, for example by a mouse click or by tapping the screen in a web browser. development of http was initiated by tim berners lee at cern in 1989
query	56	php is a general purpose programming language originally designed for web development. it was originally created by rasmus lerdorf in 1994  the php reference implementation is now produced by the php group. php originally stood for personal home page, but it now stands for the recursive initialism php  hypertext preprocessor
query	57	english grammar is the way in which meanings are encoded into wordings in the english language. this includes the structure of words, phrases, clauses, and sentences, right up to the structure of whole texts. there are historical, social, cultural and regional variations of english
query	58	free education is education funded through government spending or charitable organizations rather than tuition funding. many models of free higher education have been proposed. primary school and other comprehensive or compulsory education is free in many countries  often not including primary textbook as well as certain post secondary administrative and sundry fees , including post graduate studies in the nordic countries
query	59	job satisfaction or employee satisfaction is a measure of workers  contentedness with their job, whether or not they like the job or individual aspects or facets of jobs, such as nature of work or supervision. job satisfaction can be measured in cognitive  evaluative , affective  or emotional , and behavioral components. researchers have also noted that job satisfaction measures vary in the extent to which they measure feelings about the job  affective job satisfaction 
query	60	belief is the attitude that something is the case or true. in epistemology, philosophers use the term  belief  to refer to personal attitudes associated with true or false ideas and concepts. however,  belief  does not require active introspection and circumspection
query	61	tagalog is an austronesian language spoken as a first language by a quarter of the population of the philippines and as a second language by the majority. its standardized form, officially named filipino, is the national language of the philippines, and is one of two official languages alongside english. it is related to other philippine languages, such as the bikol languages, ilocano, the visayan languages, kapampangan, and pangasinan, and more distantly to other austronesian languages, such as the formosan languages of taiwan, malay  malaysian and indonesian , hawaiian, m ori, and malagasy
query	62	environmentalism or environmental rights is a broad philosophy, ideology, and social movement regarding concerns for environmental protection and improvement of the health of the environment, particularly as the measure for this health seeks to incorporate the impact of changes to the environment on humans, animals, plants and non living matter. while environmentalism focuses more on the environmental and nature related aspects of green ideology and politics, ecology combines the ideology of social ecology and environmentalism. environmentalism advocates the preservation, restoration and improvement of the natural environment and critical earth system elements or processes such as the climate, and may be referred to as a movement to control pollution or protect plant and animal diversity
query	63	bibliography  from ancient greek          , romanized  biblion, lit.  book  and        ,  graph  ,  writing  , as a discipline, is traditionally the academic study of books as physical, cultural objects  in this sense, it is also known as bibliology  from ancient greek         , romanized   log   . carter and barker  2010  describe bibliography as a twofold scholarly discipline the organized listing of books  enumerative bibliography  and the systematic description of books as objects  descriptive bibliography 
query	64	an email box  also email mailbox,  e mailbox  is the destination to which electronic mail messages are delivered. it is the equivalent of a letter box in the postal system.
query	65	google maps is a web mapping service developed by google. it offers satellite imagery, aerial photography, street maps, 360  panoramic views of streets  street view , real time traffic conditions, and route planning for traveling by foot, car, bicycle and air  in beta , or public transportation. google maps began as a c   desktop program at where 2 technologies
query	66	property insurance provides protection against most risks to property, such as fire, theft and some weather damage. this includes specialized forms of insurance such as fire insurance, flood insurance, earthquake insurance, home insurance, or boiler insurance. property is insured in two main ways open perils and named perils
query	67	a voip phone or ip phone uses voice over ip technologies for placing and transmitting telephone calls over an ip network, such as the internet, instead of the traditional public switched telephone network  pstn .digital ip based telephone service uses control protocols such as the session initiation protocol  sip , skinny client control protocol  sccp  or various other proprietary protocols.
query	68	the separation of church and state is a philosophic and jurisprudential concept for defining political distance in the relationship between religious organizations and the nation state. conceptually, the term refers to the creation of a secular state  with or without legally explicit church state separation  and to disestablishment, the changing of an existing, formal relationship between the church and the state.in a society, the degree of political separation between the church and the civil state is determined by the legal structures and prevalent legal views that define the proper relationship between organized religion and the state
query	69	joint entrance examination   advanced  jee advanced , formerly the indian institutes of technology joint entrance examination  iit jee , is an academic examination held annually in india. it is conducted by one of the seven zonal iits  iit roorkee, iit kharagpur, iit delhi, iit kanpur, iit bombay, iit madras, and iit guwahati  under guidance of the joint admission board  jab . it is the sole prerequisite for admission in the indian institutes of technology
query	70	the invention of television was the work of many individuals in the late 19th and early 20th centuries. the first practical transmissions of moving images over a radio system used mechanical rotating perforated disks to scan a scene into a time varying signal that could be reconstructed at a receiver back into an approximation of the original image. development of television was interrupted by the second world war
query	71	acupuncture is a form of alternative medicine and a key component of traditional chinese medicine  tcm  in which thin needles are inserted into the body. acupuncture is a pseudoscience because the theories and practices of tcm are not based on scientific knowledge, and it has been characterized as quackery. there is a range of acupuncture variants which originated in different philosophies, and techniques vary depending on the country in which it is performed
query	72	the apgar score is a method to quickly summarize the health of newborn children against infant mortality. virginia apgar, an anesthesiologist at newyork presbyterian hospital, developed the score in 1952 to quantify the effects of obstetric anesthesia on babies.the apgar score is determined by evaluating the newborn baby on five simple criteria on a scale from zero to two, then summing up the five values thus obtained
query	73	asthma is a common long term inflammatory disease of the airways of the lungs. it is characterized by variable and recurring symptoms, reversible airflow obstruction, and easily triggered bronchospasms. symptoms include episodes of wheezing, coughing, chest tightness, and shortness of breath
query	74	back pain, also known as backache, is pain felt in the back. the back is divided into neck pain  cervical , middle back pain  thoracic , lower back pain  lumbar  or coccydynia  tailbone or sacral pain  based on the segment affected. the lumbar area is the most common area affected
query	75	brian  sometimes spelled bryan in english  is a male given name of irish and breton origin, as well as a surname of occitan origin. it is common in the english speaking world. it is possible that the name is derived from an old celtic word meaning  high  or  noble 
query	76	carpal tunnel syndrome  cts  is a medical condition due to compression of the median nerve as it travels through the wrist at the carpal tunnel. the main symptoms are pain, numbness and tingling in the thumb, index finger, middle finger and the thumb side of the ring finger. symptoms typically start gradually and during the night
query	77	deoxyribonucleic acid dna  is a molecule composed of two chains that coil around each other to form a double helix carrying genetic instructions for the development, functioning, growth and reproduction of all known organisms and many viruses. dna and ribonucleic acid  rna  are nucleic acids  alongside proteins, lipids and complex carbohydrates  polysaccharides , nucleic acids are one of the four major types of macromolecules that are essential for all known forms of life. the two dna strands are also known as polynucleotides as they are composed of simpler monomeric units called nucleotides
query	78	hepatitis c is an infectious disease caused by the hepatitis c virus  hcv  that primarily affects the liver. during the initial infection people often have mild or no symptoms. occasionally a fever, dark urine, abdominal pain, and yellow tinged skin occurs
query	79	insomnia, also known as sleeplessness, is a sleep disorder in which people have trouble sleeping. they may have difficulty falling asleep, or staying asleep as long as desired. insomnia is typically followed by daytime sleepiness, low energy, irritability, and a depressed mood
query	80	the kidneys are two bean shaped organs found in vertebrates. they are located on the left and right in the retroperitoneal space, and in adult humans are about 11 centimetres  4.3 in  in length
query	81	naproxen, sold under the brand name aleve among others, is a nonsteroidal anti inflammatory drug  nsaid  used to treat pain, menstrual cramps, inflammatory diseases such as rheumatoid arthritis, and fever. it is taken by mouth. it is available in immediate and delayed release formulations
query	82	in vertebrates, the pubic bone is the ventral and anterior of the three principal bones composing either half of the pelvis.
query	83	the respiratory system  also respiratory apparatus, ventilatory system  is a biological system consisting of specific organs and structures used for gas exchange in animals and plants. the anatomy and physiology that make this happen varies greatly, depending on the size of the organism, the environment in which it lives and its evolutionary history. in land animals the respiratory surface is internalized as linings of the lungs
query	84	self esteem is an individual s subjective evaluation of their own worth. self esteem encompasses beliefs about oneself  for example,  i am unloved ,  i am worthy   as well as emotional states, such as triumph, despair, pride, and shame.  smith and mackie  2007  defined it by saying  the self concept is what we think about the self  self esteem, is the positive or negative evaluations of the self, as in how we feel about it
query	85	shock is the state of insufficient blood flow to the tissues of the body as a result of problems with the circulatory system. initial symptoms of shock may include weakness, fast heart rate, fast breathing, sweating, anxiety, and increased thirst. this may be followed by confusion, unconsciousness, or cardiac arrest, as complications worsen
query	86	skin is the soft outer tissue covering of vertebrates with three main functions  protection, regulation, and sensation.other animal coverings, such as the arthropod exoskeleton, have different developmental origin, structure and chemical composition. the adjective cutaneous means  of the skin   from latin cutis, skin 
query	87	speech disorders or speech impediments are a type of communication disorder where  normal  speech is disrupted. this can mean stuttering, lisps, etc. someone who is unable to speak due to a speech disorder is considered mute
query	88	spinal muscular atrophy  sma  is a group of neuromuscular disorders that result in the loss of motor neurons and progressive muscle wasting. the severity of symptoms and age of onset varies by the type. some types are apparent at or before birth while others are not apparent until adulthood
query	89	testosterone is the primary male sex hormone and anabolic steroid. in male humans, testosterone plays a key role in the development of male reproductive tissues such as testes and prostate, as well as promoting secondary sexual characteristics such as increased muscle and bone mass, and the growth of body hair. in addition, testosterone is involved in health and well being, and the prevention of osteoporosis
query	90	thyroid hormones are two hormones produced and released by the thyroid gland, namely triiodothyronine  t3  and thyroxine  t4 .  they are tyrosine based hormones that are primarily responsible for regulation of metabolism. t3 and t4 are partially composed of iodine
query	91	trichinosis is a parasitic disease caused by roundworms of the trichinella type. during the initial infection, invasion of the intestines can result in diarrhea, abdominal pain, and vomiting. migration of larvae to muscle, which occurs about a week after being infected, can cause swelling of the face, inflammation of the whites of the eyes, fever, muscle pains, and a rash
query	92	urinary incontinence  ui , also known as involuntary urination, is any uncontrolled leakage of urine. it is a common and distressing problem, which may have a large impact on quality of life. it has been identified as an important issue in geriatric health care
query	93	a blood type  also called a blood group  is  a classification of blood, based on the presence and absence of antibodies and inherited antigenic substances on the surface of red blood cells  rbcs . these antigens may be proteins, carbohydrates, glycoproteins, or glycolipids, depending on the blood group system. some of these antigens are also present on the surface of other types of cells of various tissues
query	94	adidas ag  german     adi das  ah dee dahs  stylized as  did s since 1949  is a multinational corporation, founded and headquartered in herzogenaurach, germany, that designs and manufactures shoes, clothing and accessories. it is the largest sportswear manufacturer in europe, and the second largest in the world, after nike. it is the holding company for the adidas group, which consists of the reebok sportswear company, 8
query	95	aol  stylized as aol., formerly a company known as aol inc. and originally known as america online  is an american web portal and online service provider based in new york city
query	96	bacardi limited    spanish   baka   i   is the largest privately held, family owned spirits company in the world. originally known for its eponymous bacardi white rum, it now has a portfolio of more than 200 brands and labels. founded in 1862, and family owned for seven generations, bacardi employs 6,000 people, manufactures at 29 facilities in 16 markets on four continents, with sales in more than 150 countries
query	97	big oil is a name used to describe the world s six or seven largest publicly traded oil and gas companies, also known as supermajors. the term emphasizes their economic power and influence on politics, particularly in the united states. big oil is often associated with the fossil fuels lobby and also used to refer to the industry as a whole in a pejorative or derogatory manner
query	98	bp plc  formerly the british petroleum company plc and bp amoco plc  is a multinational oil and gas company headquartered in london, england. it is one of the world s seven oil and gas  supermajors , whose performance in 2012 made it the world s sixth largest oil and gas company, the sixth largest energy company by market capitalization and the company with the world s 12th largest revenue  turnover . it is a vertically integrated company operating in all areas of the oil and gas industry, including exploration and production, refining, distribution and marketing, petrochemicals, power generation and trading
query	99	the carolina panthers are a professional american football team based in charlotte, north carolina. the panthers compete in the national football league  nfl , as a member club of the league s national football conference  nfc  south division. the team is headquartered in bank of america stadium in uptown charlotte  the stadium also serves as the team s home field
query	100	the chicago white sox are an american professional baseball team based in chicago, illinois. they compete in major league baseball  mlb  as a member club of the american league  al  central division. the white sox are owned by jerry reinsdorf, and play their home games at guaranteed rate field, located on the city s south side
query	101	espn  originally an initialism for entertainment and sports programming network  is an american basic cable sports channel owned by espn inc., owned jointly by the walt disney company  80   and hearst communications  20  . the company was founded in 1979 by bill rasmussen along with his son scott rasmussen and ed egan
query	102	fedex corporation is an american multinational delivery services company headquartered in memphis, tennessee. the name  fedex  is a syllabic abbreviation of the name of the company s original air division, federal express  now fedex express , which was used from 1973 until 2000.  the company is known for its overnight shipping service and pioneering a system that could track packages and provide real time updates on package location, a feature that has now been implemented by most other carrier services
query	103	the f d ration internationale de football association  fifa  fee f   french for international federation of association football  spanish  federaci n internacional de f tbol asociaci n  german  internationaler verband des association football  is a non profit organization which describes itself as an international governing body of association football, f tsal, beach soccer, and efootball. it is the highest governing body of football. fifa was founded in 1904 to oversee international competition among the national associations of belgium, denmark, france, germany, the netherlands, spain, sweden, and switzerland
query	104	ford motor company, commonly known as ford, is an american multinational automaker that has its main headquarters in dearborn, michigan, a suburb of detroit. it was founded by henry ford and incorporated on june 16, 1903. the company sells automobiles and commercial vehicles under the ford brand, and most luxury cars under the lincoln brand
query	105	the international business machines corporation  ibm  is an american multinational information technology company headquartered in armonk, new york, with operations in over 170 countries. the company began in 1911, founded in endicott, new york, as the computing tabulating recording company  ctr  and was renamed  international business machines  in 1924. ibm is incorporated in new york
query	106	isuzu is a japanese commercial vehicle and diesel engine manufacturing company headquartered in tokyo.  its principal activity is the production, marketing and sale of isuzu commercial vehicles and diesel engines. it also has a number of subsidiaries, including anadolu isuzu  a turkish joint venture with anadolu group , sollers isuzu  a russian joint venture with sollers jsc , sml isuzu  an indian venture formerly known as swaraj mazda , jiangxi isuzu motors  a chinese joint venture with jiangling motors company group , isuzu astra motor indonesia, isuzu malaysia  isuzu hicom , isuzu uk, isuzu south africa, isuzu philippines, taiwan isuzu motors, isuzu vietnam, isuzu motors india and byd isuzu
query	107	the liberal party of canada  french  parti lib ral du canada  is the oldest and longest serving political party in canada. the party has dominated federal politics for much of canada s history,  holding power for almost 70 years in the 20th century more than any other party in a developed country and as a result, it is sometimes referred to as canada s  natural governing party .the party espouses the principles of liberalism, and generally sits at the centre to centre left of the canadian political spectrum, with the conservative party positioned to the centre right and the new democratic party  who at times aligned itself with the liberals during minority governments , occupying the centre left to left
query	108	little league baseball and softball  officially, little league baseball inc  is a 501 c  3  nonprofit organization based in south williamsport, pennsylvania, united states, that organizes local youth baseball and softball leagues throughout the united states and the rest of the world. founded by carl stotz, george bebble, and bert bebble in 1939 as a three team league in williamsport, pennsylvania, and formally incorporated on october 10, 1950, little league baseball encourages local volunteers to organize and operate little league programs that are annually chartered through little league international. each league can structure itself to best serve the children in the area in which the league operates
query	109	the los angeles lakers are an american professional basketball team based in los angeles. the lakers compete in the national basketball association  nba , as a member of the league s western conference in the pacific division. the lakers play their home games at staples center, an arena shared with the nba s los angeles clippers, the los angeles sparks of the women s national basketball association, and the los angeles kings of the national hockey league
query	110	major league baseball  mlb  is a professional baseball organization and the oldest of the major professional sports leagues in the united states and canada. a total of 30 teams play in the national league  nl  and american league  al , with 15 teams in each league. the nl and al were formed as separate legal entities in 1876 and 1901, respectively
query	111	maroon 5 is an american pop rock band from los angeles, california. it currently consists of lead vocalist adam levine, keyboardist and rhythm guitarist jesse carmichael, bassist mickey madden, lead guitarist james valentine, drummer matt flynn, keyboardist pj morton, and multi instrumentalist sam farrar. original members levine, carmichael, madden, and drummer ryan dusick first came together as kara s flowers in 1994, while they were still in high school
query	112	maybelline llc, branded as maybelline new york, is a major american makeup brand sold worldwide and a subsidiary of french cosmetics company l or al.
query	113	the miami heat are an american professional basketball team based in miami. the heat compete in the national basketball association  nba  as a member of the league s eastern conference southeast division. the heat play their home games at american airlines arena, and have won three nba championships
query	114	motorola, inc.    was an american multinational telecommunications company founded on september 25, 1928, based in schaumburg, illinois. after having lost  4
query	115	nvidia corporation   en vid ee   , more commonly referred to as nvidia  stylized as nvidia, on logo styling nvidia with small  n  same size as  vidia   formerly stylized as nvidia on products from the mid 90s to early mid 2000s , is an american technology company incorporated in delaware and based in santa clara, california. it designs graphics processing units  gpus  for the gaming and professional markets, as well as system on a chip units  socs  for the mobile computing and automotive market. its primary gpu product line, labeled  geforce , is in direct competition with advanced micro devices   amd   radeon  products
query	116	people for the ethical treatment of animals  peta   is an american animal rights organization based in norfolk, virginia, and led by ingrid newkirk, its international president. a nonprofit corporation with nearly 400 employees, it claims that it has 6.5 million members and supporters, in addition to claiming that it is the  largest animal rights group in the world
query	117	the pga tour  stylized in all capital letters as pga tour by its officials  is the organizer of the main professional golf tours played primarily by men in the united states and north america. it organizes most of the events on the flagship annual series of tournaments also known as the pga tour, as well as pga tour champions  for golfers age 50 and older  and the korn ferry tour  for professional players who have not yet qualified to play in the pga tour , as well as pga tour canada, pga tour latinoam rica, and pga tour china. the pga tour is a nonprofit organization headquartered in ponte vedra beach, florida, a suburb of jacksonville
query	118	singapore airlines is the flag carrier airline of singapore with its hub at singapore changi airport. the airline is notable for using the singapore girl as its central figure in corporate branding. it has been ranked as the world s best airline by skytrax four times and topped travel   leisure s best airline rankings for more than 20 years
query	119	tiscali s.p.a
query	120	visa inc.   or    also known as visa, stylized as visa  is an american multinational financial services corporation headquartered in foster city, california, united states. it facilitates electronic funds transfers throughout the world, most commonly through visa branded credit cards, debit cards and prepaid cards
query	121	walmart inc.     formerly wal mart stores, inc.  is an american multinational retail corporation that operates a chain of hypermarkets, discount department stores, and grocery stores, headquartered in bentonville, arkansas
query	122	the university of houston  uh  is a public research university in houston, texas and the main institution of the university of houston system. founded in 1927, uh is the third largest university in texas with over 46,000 students. its campus spans 667 acres in southeast houston, and was known as university of houston university park from 1983 to 1991
query	123	abraham lincoln    february 12, 1809   april 15, 1865  was an american statesman and lawyer who served as the 16th president of the united states from march 1861 until his assassination in april 1865. lincoln led the nation through the american civil war, its bloodiest war and its greatest moral, constitutional, and political crisis. he preserved the union, abolished slavery, strengthened the federal government, and modernized the u
query	124	alan mathison turing     23 june 1912   7 june 1954  was an english mathematician, computer scientist, logician, cryptanalyst, philosopher and theoretical biologist. turing was highly influential in the development of theoretical computer science, providing a formalisation of the concepts of algorithm and computation with the turing machine, which can be considered a model of a general purpose computer. turing is widely considered to be the father of theoretical computer science and artificial intelligence
query	125	aristotle    greek              aristot l s, pronounced  aristot l  s   384 322 bce  was a greek philosopher and polymath during the classical period in ancient greece. he was the founder of the lyceum and the peripatetic school of philosophy and aristotelian tradition. along with his teacher plato, he has been called the  father of western philosophy 
query	126	barbie hsu  chinese       pinyin  x  x yu n  born 6 october 1976  is a taiwanese actress, singer, and television host.
query	127	batman is a fictional superhero appearing in american comic books published by dc comics. the character was created by artist bob kane and writer bill finger, and first appeared in detective comics  27 in 1939. originally named the  bat man,  the character is also referred to by such epithets as the caped crusader, the dark knight, and the world s greatest detective
query	128	the british royal family comprises queen elizabeth ii and her close relations. there is no strict legal or formal definition of who is or is not a member of the british royal family. those who at the time are entitled to the style his or her royal highness  hrh , and any styled his or her majesty  hm , are normally considered members, including those so styled before the beginning of the current monarch s reign
query	129	diana ross  born march 26, 1944  is an american singer, actress, and record producer. born and raised in detroit, michigan, ross rose to fame as the lead singer of the vocal group the supremes, who during the 1960s became motown s most successful act, and are the best charting female group in us history, as well as one of the world s best selling girl groups of all time. the group released a record setting twelve number one hit singles on the us billboard hot 100, including  where did our love go ,  baby love ,  come see about me ,  stop  in the name of love ,  you can t hurry love ,  you keep me hangin  on ,  love child , and  someday we ll be together 
query	130	jason frederick kidd  born march 23, 1973  is an american professional basketball coach and former player who is an assistant coach for the los angeles lakers of the national basketball association  nba . previously a point guard in the nba, kidd was a 10 time nba all star, a five time all nba first team member, and a nine time nba all defensive team member. he won an nba championship in 2011 as a member of the dallas mavericks, and was a two time olympic gold medal winner during his pro career, as part of team usa in 2000 and 2008
query	131	jean claude camille fran ois van varenberg  born 18 october 1960 , professionally known as jean claude van damme  french pronunciation        klod v   dam , dutch   v n  d m    and as jcvd, is a belgian actor and retired martial artist best known for his martial arts action films. his most popular projects include bloodsport  1988 , cyborg  1989 , kickboxer  1989 , lionheart  1990 , death warrant  1990 , double impact  1991 , universal soldier  1992 , nowhere to run  1993 , hard target  1993 , timecop  1994 , street fighter  1994 , sudden death  1995 , maximum risk  1996 , jcvd  2008 , jean claude van johnson  2016   2017 series  and the bouncer  2018 .
query	132	jesus  c. 4 bc   c. ad 30   33 , also referred to as jesus of nazareth or jesus christ, was a first century jewish preacher and religious leader
query	133	johann sebastian bach  31 march  o.s. 21 march  1685   28 july 1750  was a german composer and musician of the baroque period
query	134	kathleen mary griffin  born november 4, 1960  is an american comedian and actress. she has starred in numerous comedy specials for cable tv and has released comedy albums. in 2007 and 2008, griffin won primetime emmy awards for her reality show kathy griffin  my life on the d list
query	135	luther ronzoni vandross jr.  april 20, 1951   july 1, 2005  was an american singer, songwriter, and record producer. throughout his career, vandross was an in demand background vocalist for several different artists including todd rundgren, judy collins, chaka khan, bette midler, diana ross, david bowie, ben e
query	136	pope benedict xvi  latin  benedictus xvi  italian  benedetto xvi  german  benedikt xvi  born joseph aloisius ratzinger  german pronunciation    jo z f  al  zi  s   ats      16 april 1927  is a retired prelate of the catholic church who served as head of the church and sovereign of the vatican city state from 2005 until his resignation in 2013. benedict s election as pope occurred in the 2005 papal conclave that followed the death of pope john paul ii. benedict chose to be known by the title  pope emeritus  upon his resignation
query	137	prince charming is a fairy tale character who comes to the rescue of a damsel in distress and must engage in a quest to liberate her from an evil spell. this classification suits most heroes of a number of traditional folk tales,  including  snow white ,  sleeping beauty , and  cinderella , even if in the original story they were given another name, or no name at all. often handsome and romantic, these characters are essentially interchangeable, serving as a foil to the heroine  in many variants, they can be viewed as a metaphor for a reward the heroine achieves for the decisions she makes
query	138	roger federer is a swiss professional tennis player who is ranked world no. 3 in men s singles tennis by the association of tennis professionals  atp . he has won 20 grand slam singles titles the most in history by a male player and has held the world no
query	139	samuel barclay beckett    13 april 1906   22 december 1989  was an irish novelist, playwright, short story writer, theatre director, poet, and literary translator. a resident of paris for most of his adult life, he wrote in both french and english. beckett s work offers a bleak, tragi comic outlook on human existence, often coupled with black comedy and gallows humour, and became increasingly minimalist in his later career
query	140	serena jameka williams  born september 26, 1981  is an american professional tennis player and former world no. 1. she has won 23 major singles titles, the most by any man or woman in the open era
query	141	trinity laure ale home  born march 15, 1995 , better known by her stage name tink, is an american rapper, singer and songwriter. she is best known for the single  treat me like somebody  and for the collaboration with singer and producer jeremih on  don t tell nobody.  since 2012, she has released seven mixtapes and has gone independent due to label issues regarding the release of her debut album
query	142	anthony jay robbins  born anthony j. mahavoric  february 29, 1960  is an american author, life coach, and philanthropist. robbins is known for his infomercials, seminars, and self help books including the books unlimited power  published in 1987  and awaken the giant within  published in 1993 
query	143	mark sinclair  born july 18, 1967 , better known as vin diesel, is an american actor and producer. he rose to international fame with his role as dominic toretto in the fast and the furious franchise. diesel began his career in 1990, but initially struggled to gain roles until he created and starred in the short film multi facial  1995 , which attracted the attention of director steven spielberg, who was developing his film saving private ryan
query	144	acapulco, commonly called acapulco, is a city, municipality and major seaport in the state of guerrero on the pacific coast of mexico, 380 kilometres  240 mi  south of mexico city. acapulco is located on a deep, semicircular bay and has been a port since the early colonial period of mexico s history. it is a port of call for shipping and cruise lines running between panama and san francisco, california, united states
query	145	angola, officially the republic of angola  portuguese, is a west coast country of south central africa. it is the seventh largest country in africa, bordered by namibia to the south, the democratic republic of the congo to the north, zambia to the east, and the atlantic ocean to the west. angola has an exclave province, the province of cabinda that borders the republic of the congo and the democratic republic of the congo
query	146	british columbia is the westernmost province of canada, located between the pacific ocean and the rocky mountains. with an estimated population of 5.1 million as of 2019, it is canada s third most populous province
query	147	chennai, also known as madras, the official name until 1996, is the capital of the indian state of tamil nadu. located on the coromandel coast off the bay of bengal, it is the biggest cultural, economic and educational centre of south india. according to the 2011 indian census, it is the sixth most populous city and fourth most populous urban agglomeration in india
query	148	cincinnati   sin sih nat ee  is a major city in the u.s. state of ohio, and is the government seat of hamilton county
query	149	a dormitory  originated from the latin word dormitorium, often abbreviated to dorm  is a building primarily providing sleeping and residential quarters for large numbers of people such as boarding school, high school, college or university students. in some countries, it can also refer to a room containing several beds accommodating people.  worldwide, dormitories are often single sex, or sexes are accommodated on separate floors or in separate rooms in some cases
query	150	egypt, officially the arab republic of egypt, is a country spanning the northeast corner of africa and southwest corner of asia by a land bridge formed by the sinai peninsula. egypt is a mediterranean country bordered by the gaza strip and israel to the northeast, the gulf of aqaba and the red sea to the east, sudan to the south, and libya to the west. across the gulf of aqaba lies jordan, across the red sea lies saudi arabia, and across the mediterranean lie greece, turkey and cyprus, although none share a land border with egypt
query	151	the egyptian pyramids are ancient pyramid shaped masonry structures located in egypt. as of november 2008, sources cite either 118 or 138 as the number of identified egyptian pyramids. most were built as tombs for the country s pharaohs and their consorts during the old and middle kingdom periods
query	152	finland, officially the republic of finland, is a nordic country in northern europe bordering the baltic sea, gulf of bothnia, and gulf of finland, between sweden to the west, russia to the east, estonia to the south, and north eastern norway to the north. the capital and largest city is helsinki. other major cities are espoo, tampere, vantaa, oulu, turku, jyv skyl , lahti and kuopio
query	153	glasgow  , also uk  , us    scots  glesga    lez     scottish gaelic  glaschu   kl  as  xu   is the most populous city in scotland, and the third most populous city in the united kingdom, as of the 2017 estimated city population of 621,020. historically part of lanarkshire, the city now forms the glasgow city council area, one of the 32 council areas of scotland  the local authority is glasgow city council. glasgow is situated on the river clyde in the country s west central lowlands
query	154	greece, officially the hellenic republic  greek                      , also known as hellas  greek        , is a country located in southeast europe. its population is approximately 10.7 million as of 2018  athens is the nation s capital and largest city, followed by thessaloniki
query	155	hawai is a state of the united states of america. it is the only state located in the pacific ocean and the only state composed entirely of islands. the state encompasses nearly the entire hawaiian archipelago, 137 islands spread over 1,500 miles  2,400 km 
query	156	the himalayas, or himalaya   , is a mountain range in asia separating the plains of the indian subcontinent from the tibetan plateau. the range has many of earth s highest peaks, including the highest, mount everest  nepal china . the himalayas include over fifty mountains exceeding 7,200 m  23,600 ft  in elevation, including ten of the fourteen 8,000 metre peaks
query	157	iran  persian , also called persia, and officially the islamic republic of iran  persian, is a country in western asia. with 82 million inhabitants, iran is the world s 18th most populous country. its territory spans 1,648,195 km2  636,372 sq mi , making it the second largest country in the middle east and the 17th largest in the world
query	158	kansas city, abbreviated as  kck , is the third largest city in the state of kansas, the county seat of wyandotte county, and the third largest city of the kansas city metropolitan area. it is situated at kaw point, which is the junction of the missouri and kansas rivers. it borders johnson county, kansas to the south and kansas city, missouri  kcmo  to the east, after which kansas city, kansas, is named
query	159	kelowna    is a city on okanagan lake in the okanagan valley in the southern interior of british columbia, canada. it serves as the head office of the regional district of the central okanagan. the name kelowna derives from an okanagan language term for  grizzly bear 
query	160	kings island is a 364 acre  147 ha  amusement park located 24 miles  39 km  northeast of cincinnati in mason, ohio. owned and operated by cedar fair, the park first opened in 1972 by the taft broadcasting company. it was part of a larger effort to move and expand coney island, a popular resort destination along the banks of the ohio river that was prone to frequent flooding
query	161	lake of the ozarks is a reservoir created by impounding the osage river in the northern part of the ozarks in central missouri. parts of three smaller tributaries to the osage are included in the impoundment  the niangua river, grandglaize creek, and gravois creek. the lake has a surface area of 54,000 acres  220 km2  and 1,150 miles  1,850 km  of shoreline
query	162	melbourne is the capital and most populous city of the australian state of victoria, and the second most populous city in australia and oceania. its name refers to an urban agglomeration of 9,993 km2  3,858 sq mi , comprising a metropolitan area with 31 municipalities, and is also the common name for its city centre. the city occupies much of the coastline of port phillip bay and spreads into the hinterlands towards the dandenong and macedon ranges, mornington peninsula and yarra valley
query	163	mombasa   mom bass  , also us     bah s   is a coastal city of kenya along the indian ocean. the city is known as the white and blue city in kenya. it is the country s oldest  circa 900 ad  and second largest city  after the capital nairobi , with a population of about 1,208,333 people according to the 2019 census
query	164	mount everest  nepali  sagarmatha          tibetan  chomolungma              chinese  zhumulangma       is earth s highest mountain above sea level, located in the mahalangur himal sub range of the himalayas in province no. 1 of eastern nepal. situated at a distance of 160 kms northeast to kathmandu and 174 km northwest to the provincial capital of biratnagar, the international border between nepal  province no
query	165	south korea  korean             rr  hanguk or literally      rr  namhan  officially the republic of korea        rr  daehan minguk  is a country in east asia, constituting the southern part of the korean peninsula and sharing a land border with north korea. the name korea is derived from goguryeo which was one of the great powers in east asia during its time, ruling most of the korean peninsula, manchuria, parts of the russian far east and inner mongolia under gwanggaeto the great. its capital, seoul, is a major global city and half of south korea s over 51 million people live in the seoul capital area, the fourth largest metropolitan economy in the world
query	166	praise as a form of social interaction expresses recognition, reassurance or admiration. praise is expressed verbally as well as by body language  facial expression and gestures . verbal praise consists of a positive evaluations  of another s attributes or actions, where the evaluator presumes the validity of the standards on which the evaluation is based
query	167	punta cana is a resort town within the punta cana b varo veron macao municipal district, in the municipality of hig ey, in la altagracia province, the easternmost province of the dominican republic. the area has beaches and balnearios which face both the caribbean sea and the atlantic ocean, and it is a tourist destination. the weather is hot and humid, especially in late summer and autumn when the northern tropics receive their most direct sunlight
query	168	the rocky mountains, also known as the rockies, are a major mountain range located in western north america. the rocky mountains stretch 3,000 km  1,900 mi  in straight line distance from the northernmost part of british columbia, in western canada, to new mexico in the southwestern united states. the northern terminus is near the liard river, while the southernmost point is near albuquerque, adjacent the sandia manzano mountains
query	169	san francisco international airport  iata  sfo, icao  ksfo, faa lid  sfo  is an international airport near san bruno and millbrae in unincorporated san mateo county. it is 13 miles  21 km  south of downtown san francisco, california, it has flights to points throughout north america and is a major gateway to europe and asia. sfo is the largest airport in the bay area and the second busiest in california, after lax
query	170	saudi arabia, officially the kingdom of saudi arabia, is a country in western asia constituting the bulk of the arabian peninsula. with a land area of approximately 2,150,000 km2  830,000 sq mi , saudi arabia is geographically the largest sovereign state in western asia, the second largest in the arab world  after algeria , the fifth largest in asia, and the 12th largest in the world. saudi arabia is bordered by jordan and iraq to the north, kuwait to the northeast, qatar, bahrain, and the united arab emirates to the east, oman to the southeast and yemen to the south  it is separated from israel and egypt by the gulf of aqaba
query	171	south india is the area encompassing the indian states of andhra pradesh, karnataka, kerala, tamil nadu and telangana as well as the union territories of andaman and nicobar, lakshadweep and puducherry, occupying 19.31  of india s area  635,780 km2 or 245,480 sq mi . covering the southern part of the peninsular deccan plateau, south india is bounded by the bay of bengal in the east, the arabian sea in the west and the indian ocean in the south
query	172	sudan    arabic           as s d n , officially the republic of the sudan   arabic                   jumh riyyat as s d n , is a country in northeastern africa. it is bordered by egypt to the north, libya to the northwest, chad to the west, the central african republic to the southwest, south sudan to the south, ethiopia to the southeast, eritrea to the east, and the red sea to the northeast. sudan has a population of 43 million  2018 estimate  and occupies 1,886,068 square kilometres  728,215 square miles , making it africa s third largest country and also the third largest in the arab world
query	173	tehran or teheran is the capital of iran and tehran province. with a population of around 8.7 million in the city and 15 million in the larger metropolitan area of greater tehran, tehran is the most populous city in iran and western asia, and has the second largest metropolitan area in the middle east  after cairo 
query	174	times square is a major commercial intersection, tourist destination, entertainment center, and neighborhood in the midtown manhattan section of new york city, at the junction of broadway and seventh avenue. brightly lit by numerous billboards and advertisements, it stretches from west 42nd to west 47th streets, and is sometimes referred to as  the crossroads of the world ,  the center of the universe ,  the heart of the great white way , and  the heart of the world . one of the world s busiest pedestrian areas, it is also the hub of the broadway theater district and a major center of the world s entertainment industry
query	175	the republic of trinidad and tobago is the southernmost island country in the caribbean. consisting of the main islands trinidad and tobago, and numerous much smaller islands, it is situated 130 kilometres  81 miles  south of grenada and 11 kilometres  6.8 miles  off the coast of northeastern venezuela
query	176	the west indies is a region of the north atlantic ocean and the caribbean that includes the island countries and surrounding waters of three major archipelagos  the greater antilles, the lesser antilles, and the lucayan archipelago.the region includes all the islands in or bordering the caribbean sea, plus the bahamas and the turks and caicos islands, which are in the atlantic ocean.  this term also includes modern day belize, guyana, suriname, and french guiana
query	177	lager is a type of beer conditioned at low temperatures. lagers can be pale, amber, or dark. pale lager is the most widely consumed and commercially available style of beer
query	178	a pretzel is a type of baked pastry made from dough that is commonly shaped into a knot. the traditional pretzel shape is a distinctive symmetrical form, with the ends of a long strip of dough intertwined and then twisted back onto itself in a particular way  a pretzel loop . in modern times, pretzels come in a wide range of shapes
query	179	the beetroot is the taproot portion of a beet plant, usually known in north america as the beet, and also known as the table beet, garden beet, sugar beet, red beet, dinner beet or golden beet. it is one of several cultivated varieties of beta vulgaris grown for their edible taproots and leaves  called beet greens   they have been classified as b. vulgaris subsp
query	180	boric acid, also called hydrogen borate, boracic acid, and orthoboric acid is a weak, monobasic lewis acid of boron. however, some of its behaviour towards some chemical reactions suggest it to be tribasic acid in bronsted sense as well. boric acid is often used as an antiseptic, insecticide, flame retardant, neutron absorber, or precursor to other chemical compounds
query	181	buttermilk is a fermented dairy drink. traditionally, it was the liquid left behind after churning butter out of cultured cream  most modern buttermilk is cultured, however. it is common in warm climates  including the balkans, south asia, the middle east and the southern united states  where unrefrigerated fresh milk sours quickly
query	182	chess is a two player strategy board game played on a checkered board with 64 squares arranged in an 8 8 grid. the game is played by millions of people worldwide. chess is believed to be derived from the indian game chaturanga sometime before the 7th century
query	183	the chrysler dodge plymouth neon is a front engine, front wheel drive compact car introduced in january 1994 for model year 1995 by chrysler s dodge and plymouth divisions in two  and four door bodystyles over two generations. marketed in europe, mexico, canada, japan, egypt, australia and south america as a chrysler, the neon was offered in multiple versions and configurations over its production life, which ended with model year 2005. the neon nameplate was subsequently resurrected in 2016 for the dodge neon, a rebadged variant of fiat tipo sedan for the mexican market
query	184	clenbuterol is a sympathomimetic amine used by sufferers of breathing disorders as a decongestant and bronchodilator. people with chronic breathing disorders such as asthma use this as a bronchodilator to make breathing easier. it is most commonly available as the hydrochloride salt, clenbuterol hydrochloride
query	185	copper is a chemical element with the symbol cu  from latin  cuprum  and atomic number 29. it is a soft, malleable, and ductile metal with very high thermal and electrical conductivity. a freshly exposed surface of pure copper has a pinkish orange color
query	186	dairy products or milk products are a type of food produced from or containing the milk of mammals. they are primarily produced from mammals such as cattle, water buffaloes, goats, sheep, camels and humans. dairy products include food items such as yogurt, cheese and butter
query	187	diet coke or coca cola light is a sugar free and no calorie soft drink produced and distributed by the coca cola company.it contains artificial sweeteners instead of sugar. unveiled on july 8, 1982, and introduced in the united states on august 9, it was the first new brand since 1886 to use the coca cola trademark
query	188	diet  alternatively marketed as sugar free, zero calorie or low calorie  drinks or light drinks are sugar free, artificially sweetened versions of carbonated beverages with virtually no calories. they are generally marketed toward health conscious people, diabetics, athletes, and other people who want to lose weight, improve physical fitness, or reduce their sugar intake.
query	189	an ethernet hub, active hub, network hub, repeater hub, multiport repeater, or simply hub is a network hardware device for connecting multiple ethernet devices together and  making them act as a single network segment. it has multiple input output  i o  ports, in which a signal introduced at the input of any port appears at the output of every port except the original incoming. a hub works at the physical layer  layer 1  of the osi model
query	190	the ford aerostar is a range of passenger and cargo vans that was manufactured and marketed by ford in the united states and canada  a limited number were exported outside of north america.  the first minivan sold by ford, the aerostar was sold in a single generation from the 1986 to 1997 model years.  introduced shortly before the ford taurus, the vehicle derived its nameplate from its slope nosed  one box  exterior  although over six feet tall, the body of the aerostar retained a drag coefficient of cd 0
query	191	the french horn  since the 1930s known simply as the  horn  in some professional music circles  is a brass instrument made of tubing wrapped into a coil with a flared bell. the double horn in f b   technically a variety of german horn  is the horn most often used by players in professional orchestras and bands. a musician who plays a french horn is known as a horn player or hornist
query	192	a gear stick  rarely spelled gearstick , gear lever  both, uk english , gearshift or shifter  us english  is a metal lever attached to the shift assembly in a manual transmission equipped automobile and is used to change gears. in an automatic transmission equipped vehicle, a similar device is known as a gear selector. a gear stick will normally be used to change gear whilst depressing the clutch pedal with the left foot to disengage the engine from the drivetrain and wheels
query	193	goat meat or goat s meat is the meat of the domestic goat  capra aegagrus hircus . the common name for goat meat is simply  goat , though meat from adult goats is referred to as chevon and cabrito, while from young goats, it is capretto, natale or kid. in south asian, australian, and jamaican cuisine, mutton commonly refers goat meat, though it originally referred to lamb meat
query	194	a guitar amplifier  or amp  is an electronic device or system that strengthens the weak electrical signal from a pickup on an electric guitar, bass guitar, or acoustic guitar so that it can produce sound through one or more loudspeakers, which are typically housed in a wooden cabinet. a guitar amplifier may be a standalone wood or metal cabinet that contains only the power amplifier  and preamplifier  circuits, requiring the use of a separate speaker cabinet or it may be a  combo  amplifier, which contains both the amplifier and one or more speakers in a wooden cabinet. there is a wide range of sizes and power ratings for guitar amplifiers, from small, lightweight  practice amplifiers  with a single 6  speaker and a 10 watt amp to heavy combo amps with four 10  or four 12  speakers and a powerful 100 watt amplifier, which are loud enough to use in a nightclub or bar performance
query	195	a hair dryer, hairdryer or blow dryer is an electromechanical device that blows ambient or hot air over damp hair to speed the evaporation of water to dry the hair. blow dryers enable better control over the shape and style of hair, by accelerating and controlling the formation of temporary hydrogen bonds within each strand. these bonds are powerful  allowing stronger hair shaping than the sulfur bonds formed by permanent waving products  but are temporary and extremely vulnerable to humidity
query	196	a handbag, commonly known as a purse in north american english, is a handled medium to large bag used to carry personal items.
query	197	a hard disk drive  hdd , hard disk, hard drive, or fixed disk is an electro mechanical data storage device that uses magnetic storage to store and retrieve digital information using one or more rigid rapidly rotating disks  platters  coated with magnetic material. the platters are paired with magnetic heads, usually arranged on a moving actuator arm, which read and write data to the platter surfaces. data is accessed in a random access manner, meaning that individual blocks of data can be stored or retrieved in any order and not only sequentially
query	198	a heart rate monitor  hrm  is a personal monitoring device that allows one to measure display heart rate in real time or record the heart rate for later study. it is largely used to gather heart rate data while performing various types of physical exercise. measuring electrical heart information is referred to as electrocardiography  ecg or ekg 
query	199	hollywood entertainment corp.  nasdaq  hlyw , more commonly known as hollywood video, was a home video and video game rental shop company started in 1988. the chain was the largest direct competitor to blockbuster video until it was purchased by movie gallery in 2005
query	200	a hybrid vehicle uses two or more distinct types of power, such as internal combustion engine to drive an electric generator that powers an electric motor, e.g. in diesel electric trains using diesel engines to drive an electric generator that powers an electric motor, and submarines that use diesels when surfaced and batteries when submerged
query	201	imac is a family of all in one macintosh desktop computers designed and built by apple inc. it has been the primary part of apple s consumer desktop offerings since its debut in august 1998, and has evolved through seven distinct forms.in its original form, the imac g3 had a gumdrop or egg shaped look, with a crt monitor, mainly enclosed by a colored, translucent plastic case, which was refreshed early on with a sleeker design notable for its slot loaded optical drive
query	202	jet ski is the brand name of a personal water craft  pwc  manufactured by kawasaki, a japanese company. the term is often used generically to refer to any type of personal watercraft used mainly for recreation, and it is also used as a verb to describe the use of any type of pwc. a runabout style pwc typically carries 1 3 people seated in a configuration like a typical bicycle or motorcycle
query	203	laundry detergent, or washing powder, is a type of detergent  cleaning agent  used for cleaning laundry. laundry detergent is manufactured in powder and liquid form. while powdered and liquid detergents hold roughly equal share of the worldwide laundry detergent market in terms of value, powdered detergents are sold twice as much compared to liquids in terms of volume
query	204	the lincoln town car is a model line of full size luxury sedans that was marketed by the lincoln division of the american automaker ford motor company.  deriving its name from a limousine body style, lincoln marketed the town car from 1981 to 2011, with the nameplate previously serving as the flagship trim of the lincoln continental.  produced across three generations for 30 model years, the town car served as the flagship sedan of ford motor company, marketed directly against the cadillac fleetwood  and its cadillac dts successor 
query	205	the macbook pro  sometimes unofficially abbreviated as mbp  is a line of macintosh portable computers introduced in january 2006, by apple inc. it is the higher end model of the macbook family, sitting above the consumer focused macbook air, and is available in 13 inch and 16 inch screen sizes. a 17 inch version was sold from april 2006 to june 2012
query	206	marmite   mar myte  is a british food spread made from yeast extract, a by product of beer brewing. marmite is produced by unilever. other similar products include the australian vegemite  the name of which is derived from that of marmite , the swiss cenovis, and the german vitam r
query	207	mentos  stylized as mentos  is a brand of prepackaged scotch mints sold in stores and vending machines. first produced in 1932, it is currently sold in more than 130 countries worldwide by the italian corporation perfetti van melle. the mints are small oblate spheroids, with a slightly hard exterior and a soft, chewy interior
query	208	metal gear  japanese       , hepburn  metaru gia  is a series of action adventure stealth video games created by hideo kojima and developed and published by konami. the first game, metal gear, was released in 1987 for msx home computers. the player often takes control of a special forces operative  usually solid snake or big boss , who is assigned the task of finding the titular superweapon  metal gear , a bipedal walking tank with the ability to launch nuclear weapons
query	209	nutella is a brand of sweetened hazelnut cocoa spread. nutella is manufactured by the italian company ferrero and was first introduced in 1964, although its first iteration dates to 1963.
query	210	a pocket watch  or pocketwatch  is a watch that is made to be carried in a pocket, as opposed to a wristwatch, which is strapped to the wrist. they were the most common type of watch from their development in the 16th century until wristwatches became popular after world war i during which a transitional design, trench watches, were used by the military. pocket watches generally have an attached chain to allow them to be secured to a waistcoat, lapel, or belt loop, and to prevent them from being dropped
query	211	the porsche 911  pronounced nine eleven or in german  neunelfer  is a two door, 2 2 high performance rear engined sports car made since 1963 by porsche ag of stuttgart, germany. it has a rear mounted flat six engine and all round independent suspension. it has undergone continuous development, though the basic concept has remained unchanged
query	212	a window is an opening in a wall, door, roof or vehicle that allows the passage of light, sound, and sometimes air. modern windows are usually glazed or covered in some other transparent or translucent material, a sash set in a frame in the opening  the sash and frame are also referred to as a window. many glazed windows may be opened, to allow ventilation, or closed, to exclude inclement weather
query	213	the term stained glass can refer to coloured glass as a material or to works created from it. throughout its thousand year history, the term has been applied almost exclusively to the windows of churches and other significant religious buildings. although traditionally made in flat panels and used as windows, the creations of modern stained glass artists also include three dimensional structures and sculpture
query	214	an automotive battery is a rechargeable battery that supplies electrical current to a motor vehicle. its main purpose is to feed the starter, which starts the engine. once the engine is running, power for the car s electrical systems is supplied by the alternator
query	215	banana bread is a type of bread made from mashed bananas. it is often a moist, sweet, cake like quick bread  however there are some banana bread recipes that are traditional style raised breads.
query	216	barbecue sauce  also abbreviated as bbq sauce  is used as a flavoring sauce, a marinade, basting, condiment, or topping for meat cooked in the barbecue cooking style, including pork or beef ribs and chicken. it is a ubiquitous condiment in the southern united states and is used on many other foods as well.the ingredients vary widely even within individual countries, but most include some variation on vinegar, tomato paste, or mayonnaise  or a combination thereof  as a base, as well as liquid smoke, onion powder, spices such as mustard and black pepper, and sweeteners such as sugar or molasses
query	217	a camcorder is an electronic device originally combining a video camera and a videocassette recorder.  the earliest camcorders were tape based, recording analog signals onto videotape cassettes. in 2006, digital recording became the norm, with tape replaced by storage media such as mini hd, microdvd, internal flash memory and sd cards
query	218	a central heating system provides warmth to the whole interior of a building  or portion of a building  from one point to multiple rooms. when combined with other systems in order to control the building climate, the whole system may be an hvac  heating, ventilation and air conditioning  system.
query	219	chardonnay is a green skinned grape variety used in the production of white wine.  the variety originated in the burgundy wine region of eastern france, but is now grown wherever wine is produced, from england to new zealand. for new and developing wine regions, growing chardonnay is seen as a  rite of passage  and an easy entry into the international wine market
query	220	eye shadow is a cosmetic that is applied on the eyelids and under the eyes. it is commonly used to make the wearer s eyes stand out or look more attractive. eye shadow can add depth and dimension to one s eyes, complement one s eye color, make one s eyes appear larger, or simply draw attention to the eyes
query	221	eyelash extensions are used to enhance the length, curliness, fullness, and thickness of natural eyelashes. the extensions may be made from several materials including mink, silk, synthetic, human or horse hair. the main method of applying the extensions is by using an adhesive glue to individually stick the extensions to the eyelash line
query	222	the term lacquer is used for a number of hard and potentially shiny finishes applied to materials such as wood. these fall into a number of very different groups. the term lacquer originates from the sanskrit word l ksh           representing the number 100,000, which was used for both the lac insect  because of their enormous number  and the scarlet resinous secretion, rich in shellac, that it produces that was used as wood finish in ancient india and neighbouring areas
query	223	the lockheed c 5 galaxy is a large military transport aircraft originally designed and built by lockheed, and now maintained and upgraded by its successor, lockheed martin. it provides the united states air force  usaf  with a heavy intercontinental range strategic airlift capability, one that can carry outsized and oversized loads, including all air certifiable cargo. the galaxy has many similarities to the smaller lockheed c 141 starlifter and the later boeing c 17 globemaster iii
query	224	a mason jar, named after john landis mason who first invented and patented it in 1858, is a molded glass jar used in home canning to preserve food. the jar s mouth  has a screw thread on its outer perimeter to accept a metal ring  or  band  . the band, when screwed down, presses a separate stamped tin plated steel disc shaped lid against the jar s rim
query	225	a refrigerator  colloquially fridge  consists of a thermally insulated compartment and a heat pump  mechanical, electronic or chemical  that transfers heat from the inside of the fridge to its external environment so that the inside of the fridge is cooled to a temperature below the room temperature. refrigeration is an essential food storage technique in developed countries. the lower temperature lowers the reproduction rate of bacteria, so the refrigerator reduces the rate of spoilage
query	226	a submarine sandwich, also known as a sub, hoagie, hero, or grinder, is a type of sandwich consisting of a length of bread or roll split lengthwise and filled with a variety of meats, cheeses, vegetables, and condiments. the sandwich has no standardized name, with over a dozen variations used around the world.the terms submarine and sub are widespread and not assignable to any certain region, though many of the localized terms are clustered in the northeastern united states
query	227	the volkswagen passat is a large family car manufactured and marketed by volkswagen since 1973, and now in its eighth generation. it has been marketed variously as the dasher, santana, quantum, magotan, corsar and carat. the successive generations of the passat carry the volkswagen internal designations b1, b2, etc
query	228	apple cider  also called sweet cider or soft cider or simply cider  is the name used in the united states and parts of canada for an unfiltered, unsweetened, non alcoholic beverage made from apples. though typically referred to simply as  cider  in those areas, it is not to be confused with the alcoholic beverage known as cider in other places, which is called  hard cider  in the us and canada.  it is the liquid extracted from an apple and all its components, that is then boiled to concentration
query	229	the labrador retriever, labrador or just lab, is a medium large breed of retriever gun dog. the labrador is the most popular breed of dog in canada, the united kingdom, and the united states.a favourite disability assistance breed in many countries, labradors are frequently trained to aid those with blindness or autism, act as a therapy dog, or perform screening and detection work for law enforcement and other official agencies
