query	1	getting ready benchmarking your card raising your core clock speeds raising your core voltage testing your stability
query	2	determine your goal prepare yourself to start get some help get some knowledge bodybuilding beginner challenges consider these helpful tips follow golden rules
query	3	steps
query	4	suppressing nicotine cravings breaking or reducing an existing smoking habit understanding how addiction works
query	5	steps
query	6	getting started bleaching your hair coloring your hair
query	7	steps
query	8	building  communicative competence  becoming familiar with theoretical approaches trying a variety of classroom activities
query	9	resolving disagreements through mediation contesting a divorce through the courts
query	10	connecting exercise with studying putting together an exercise plan understanding the importance of combining exercise with studying
query	11	nailing the writing filming a great spoof
query	12	prepping your fabric choosing your materials painting your fabric adding embellishments
query	13	learning with  flashcards  make odd sentences create connections between japanese and your mother tongue learning by listening learning by using
query	14	steps
query	15	preparing for watching the horror movie during the horror movie
query	16	thriller other genres
query	17	steps
query	18	steps
query	19	introducing yourself to her parents asking their permission proving you re responsible
query	20	using obs studio using screenrecorder
query	21	selecting your text and preparing yourself reading the text going above and beyond
query	22	steps
query	23	steps
query	24	set the stage take it off
query	25	wwe events and opportunities other possible opportunities how to act and what to say
query	26	in french in german in italian
query	27	steps
query	28	dorothy from the wizard of oz poltergeist witch zombie princess cheerleader mega man fan costume
query	29	downloading new subtitles creating your own subtitles  three ways 
query	30	surprising the person with gifts surprising the person with activities
query	31	steps
query	32	locating ghosts confirming the presence of a ghost catching ghosts
query	33	steps
query	34	steps
query	35	steps
query	36	writing a source card for a book writing a source card for a journal article or magazine writing a source card for a website organizing source cards
query	37	before prom getting dressed and preparing the night of prom  girls  getting dressed and preparing the night of prom  boys 
query	38	understanding the rights you want getting sync rights
query	39	purchasing quality instructional material getting math lessons and games online for free finding language arts material online for free learning everything online for free exploring community resources
query	40	using the  repair and deduct  remedy abandoning the unit withholding rent bringing a lawsuit researching the violation
query	41	streaming season 3 online buying a dvd or blu ray of season three watching the walking dead on cable
query	42	steps
query	43	deciding on theme, location and date planning the baby shower contents in the lead up to the baby shower on the day of the event
query	44	steps
query	45	learning to drive climbing the ranks getting your formula 1 license racing in formula one
query	46	finishing up your last semester organizing your graduation day dressing for the ceremony making post graduation plans
query	47	use the internet to find a honeymoon in the greek islands. hire a travel agent.
query	48	knowing the basics of dual citizenship in usa   canada obtaining a us citizenship obtaining a canadian citizenship
query	49	analyzing the indictment proving multiplicity to a court preparing for the hearing
query	50	fundraising in your community fundraising online organizing your people
query	51	steps doctrine on christ 
query	52	knowing what to look for learning about world war ii from books learning about wwii from films doing other research about world war ii
query	53	preparing for a flood making a shelter in your room
query	54	defining the necessary terms amortizing intangible assets recording amortization
query	55	steps
query	56	steps
query	57	defining the necessary terms amortizing intangible assets recording amortization
query	58	defining the necessary terms amortizing intangible assets recording amortization
query	59	defining the necessary terms amortizing intangible assets recording amortization
query	60	defining the necessary terms amortizing intangible assets recording amortization
query	61	steps
query	62	steps becoming a radical activist
query	63	writing an apa bibliography writing a mla bibliography writing a cms bibliography
query	64	defining the necessary terms amortizing intangible assets recording amortization
query	65	using your computer using the google maps mobile app
query	66	steps
query	67	steps
query	68	defining the necessary terms amortizing intangible assets recording amortization
query	69	defining the necessary terms amortizing intangible assets recording amortization
query	70	defining the necessary terms amortizing intangible assets recording amortization
query	71	understanding acupuncture licensing locating a licensed acupuncturist conducting additional research to find a licensed acupuncturist
query	72	reading the categories reading the test as a whole learning about the timing and positioning of the test
query	73	determining your course of action using positive reinforcement ensuring a good process
query	74	determining your course of action using positive reinforcement ensuring a good process
query	75	checking your computer for compatibility enabling developer mode turning on windows subsystem for linux post installation setup
query	76	dealing with carpal tunnel syndrome at home changing your habits getting treatment for carpal tunnel syndrome
query	77	steps
query	78	recognizing warning signs of viral hepatitis getting tested for hepatitis assessing your risk factors
query	79	forming healthy habits seeking medical advice understanding insomnia
query	80	checking your computer for compatibility enabling developer mode turning on windows subsystem for linux post installation setup
query	81	taking midol complete caplets taking menstridol  formerly midol extended relief  taking midol teen formula taking midol liquid gel taking midol pm
query	82	checking your computer for compatibility enabling developer mode turning on windows subsystem for linux post installation setup
query	83	checking your computer for compatibility enabling developer mode turning on windows subsystem for linux post installation setup
query	84	defining the necessary terms amortizing intangible assets recording amortization
query	85	determining your course of action using positive reinforcement ensuring a good process
query	86	checking your computer for compatibility enabling developer mode turning on windows subsystem for linux post installation setup
query	87	determining your course of action using positive reinforcement ensuring a good process
query	88	steps
query	89	using medications making diet and lifestyle modifications understanding the causes of premenstrual acne
query	90	noticing the symptoms checking with your doctor treating the disease using home remedies
query	91	washing your genital area promoting proper vaginal hygiene with lifestyle treating vaginal infections
query	92	steps
query	93	preparing to donate plasma donating plasma and receiving compensation
query	94	steps
query	95	signing up for an email account connecting to aol
query	96	frozen rum runner rum runner on the rocks west mac, yak runner
query	97	completing required paperwork winding up the business liquidating the business getting help
query	98	reserving your corporation s name incorporating your business fulfilling other obligations
query	99	choosing a name filing your articles of organization completing other requirements
query	100	steps
query	101	watching world cup matches internationally watching world cup matches in the us
query	102	finding the job you want to apply for determining which jobs you are qualified for applying for the job
query	103	following the world cup on tv following the world cup online following the world cup via bracket
query	104	steps
query	105	steps
query	106	steps
query	107	getting informed about politics assessing your own political beliefs choosing your affiliation in the united states
query	108	acquiring education and training writing about baseball getting a job deciding if baseball writing is the career for you
query	109	steps
query	110	acquiring education and training writing about baseball getting a job deciding if baseball writing is the career for you
query	111	coming up with a topic writing your ballad finalizing your ballad
query	112	drugstore steals save on high end beauty
query	113	steps
query	114	choose your unlock method before unlocking your phone download the usb drivers backup your data unlocking
query	115	manually updating using the geforce experience updating ubuntu drivers
query	116	reporting to the federal government gathering evidence of abuse
query	117	steps
query	118	searching databases using insider secrets being flexible
query	119	applying for a license gathering proof of financial responsibility
query	120	conducting eligible activities getting employment authorization ending or extending your stay
query	121	applying online interviewing in store standing out
query	122	exploring your options narrowing it down making a decision
query	123	dressing like abraham lincoln doing lincoln hair and makeup exploring new costume ideas acting like abraham lincoln
query	124	planting turing s sunflowers ongoing care for turing s sunflowers removing turing sunflowers trying the turing sunflower experiment
query	125	setting up whisper browsing secrets interacting on whisper
query	126	downloading prerequisite software installing hs4pl installing the radio rom installing magldr installing clockworkmod recovery installing android
query	127	steps
query	128	addressing the british royal family addressing british nobility
query	129	attending an r5 concert using social media using other methods
query	130	performing the pass drilling passing with teammates
query	131	steps
query	132	steps now that you know  about  him, get closer 
query	133	steps
query	134	steps
query	135	potting your orchid nurturing your orchids
query	136	addressing the pope in writing addressing the pope in person
query	137	reassessing your priorities working on yourself meeting new people
query	138	tackling your topic and style shooting for a successful sports recap article scoring with other kinds of sports articles
query	139	letter scramble syllable reassembly hyphenate separate names
query	140	ask questions discover interact personalize remember self care prepare for homecoming warnings
query	141	diagnosing tinnitus talking with your doctor trying acoustic therapy trying alternative health treatments trying supplements changing your diet finding support
query	142	steps
query	143	steps
query	144	gathering the necessary numbers making the call
query	145	steps
query	146	mastering canadian expressions and vocabulary learning regional slang practicing canadian slang
query	147	choosing your materials removing the adhesive polishing the guitar
query	148	steps
query	149	steps
query	150	steps
query	151	making reservations visiting historical sites sites inside the city moving beyond the city limits
query	152	normal form human rights topics economic topics health topics war topics
query	153	eligibility requirements to become a glasgow taxi driver obtaining a glasgow taxi driver license additional requirements for employment with glasgow taxis limited
query	154	the basic timeline the basics of greek society daily life
query	155	acquiring a phone from your mobile carrier getting a free phone through your employer receiving a free cell phone from the government finding other ways to obtain a free cell phone
query	156	steps
query	157	steps
query	158	steps
query	159	marshmallow strawberry kebab mini marshams chocolate marshmallows chocolate marshmallow lava cake. roasted marshmallows
query	160	steps
query	161	steps
query	162	steps
query	163	steps
query	164	comparing expedition companies and booking the expedition preparing mentally and physically for the expedition
query	165	finding an attorney navigating the court system working through diplomatic channels
query	166	arranging your trip sightseeing around the city enjoying the local culture
query	167	planning your budget figuring out your priorities picking the perfect spot
query	168	steps
query	169	steps via taxi via shuttle via car via wingz
query	170	steps
query	171	basic phone number structure calling from specific countries
query	172	writing your postcard addressing your postcard
query	173	steps
query	174	steps
query	175	steps
query	176	steps
query	177	choose a base beer style choose a method for adding lemon
query	178	the u shaped method the lasso method the twist method making the perfect soft pretzels
query	179	steaming beetroot boiling beetroot roasting beetroot
query	180	determining target areas preparing the borax laying the insecticide
query	181	steps
query	182	preparing to play the game playing the game improving your game
query	183	steps
query	184	treating with corticosteroids using bronchodilators handling a severe asthma attack managing your home
query	185	using dish soap and water for routine cleanings maintaining a bright, polished look caring for a copper sink
query	186	assessing nutrition and health benefits taking taste and texture into account
query	187	steps
query	188	finding diabetes friendly drinks choosing the right cocktail mixers drinking responsibly
query	189	connecting two or more xbox or xbox 360s with wires connecting two to four xbox 360s wirelessly
query	190	steps
query	191	mastering the basics learning to read music becoming a better player caring for your french horn
query	192	troubleshooting transmission problems as you drive diagnosing common automatic transmission problems narrowing down issues with manual transmissions
query	193	choosing a cut stewing goat meat roasting goat meat
query	194	steps
query	195	determining if dry conditioner is right for your hair type shopping for the dry conditioner applying the dry conditioner
query	196	steps
query	197	windows mac
query	198	undergoing an examination during pregnancy monitoring the heartbeat during labor listening with a doppler device at home
query	199	shooting video editing your video
query	200	driving efficiently using the battery buying your hybrid efficiently
query	201	steps
query	202	preparing for winterization cleaning the craft waxing your jet ski using gas and oil detaching the battery
query	203	detergent removal rash cream waste removal additional cloth stripping options
query	204	what are you looking for in a car  other considerations
query	205	check your computer s specifications upgrade to mountain lion online
query	206	surviving marmite s taste using marmite in recipes making a marmite centered meal
query	207	preparing your materials making the mentos cartridge loading and launching the rocket having fun with it
query	208	steps
query	209	steps
query	210	picking and wearing a watch maintaining your watch
query	211	steps
query	212	searching the registry requesting a new product key from microsoft using product key finder by isunshare using windows 8 product key viewer
query	213	steps
query	214	recharging personal use batteries charging a car battery troubleshooting charger issues
query	215	making moist, classic banana bread making moist, gluten free banana bread making moist, vegan banana bread
query	216	easy microwave barbecue sauce classic barbecue sauce spicy barbecue sauce white alabama style barbecue sauce serving ideas
query	217	steps
query	218	steps
query	219	considering your pairings reading the label
query	220	preparing to put on makeup putting on your eye makeup
query	221	lash conditioner stimulating lash growth get the look before your lashes grow professional medical help
query	222	steps
query	223	preparing the batter baking the cakes making the frosting assembling the cake
query	224	steps
query	225	readying your freezer for dry aging selecting and preparing the meat dry aging your meat
query	226	steps alternate method
query	227	steps
query	228	pickling with apple cider vinegar making dressing and marinade adding apple cider vinegar to other dishes
query	229	steps
